"country","iso2","iso3","iso_numeric","g_whoregion","year","pulm_labconf_new","pulm_labconf_ret","pulm_labconf_unk","r_rlt_new","r_rlt_ret","rr_new","rr_ret","dst_rlt_new","dst_rlt_ret","dst_rlt_hr_new","dst_rlt_hr_ret","dst_rlt_rr_new","dst_rlt_rr_ret","mdr_new","mdr_ret","rr_hivpos","rr_hivneg","rr_hivunk","nrr_hivpos","nrr_hivneg","nrr_hivunk","rr_014","rr_15plus","rr_ageunk","nrr_014","nrr_15plus","nrr_ageunk","rr_dst_rlt","rr_ds_fq2li","rr_dr_fq","rr_dr_2li","rr_dr_fq_2li","rr_dst_rlt_fq","rr_fqr","mdr_dst_rlt","xdr"
"Afghanistan","AF","AFG","004","EMR",2017,19354,2233,125,2889,2233,,,,,,,,,,,0,198,81,,,4843,10,188,81,,,4843,279,260,19,5,5,,,,5
"Afghanistan","AF","AFG","004","EMR",2018,20485,1712,,10032,1628,253,199,,10,,10,,10,,10,0,285,167,,,11208,26,298,128,,,11208,311,225,66,28,8,,,10,8
"Afghanistan","AF","AFG","004","EMR",2019,24358,918,0,5443,918,263,221,23,20,23,20,23,20,23,20,0,399,85,0,5877,0,25,399,60,0,5877,0,,,,,,43,10,43,5
"Albania","AL","ALB","008","EUR",2017,195,15,0,69,10,2,2,69,10,2,0,2,2,0,0,0,3,1,1,57,17,0,4,0,2,73,0,0,0,0,0,0,,,0,0
"Albania","AL","ALB","008","EUR",2018,198,10,0,59,4,3,1,59,4,1,1,3,1,1,1,0,3,1,0,37,22,0,4,0,0,59,0,,,,,,,,,
"Albania","AL","ALB","008","EUR",2019,211,14,0,26,3,2,2,26,3,0,2,2,2,0,2,0,4,0,1,22,2,0,4,0,0,25,0,,,,,,0,0,0,0
"Algeria","DZ","DZA","012","AFR",2017,6278,419,0,410,146,11,33,22,66,20,43,12,43,11,28,,,44,,,512,,,44,,,512,40,35,5,4,4,,,39,4
"Algeria","DZ","DZA","012","AFR",2018,6137,362,21,7,13,2,5,2,5,2,5,2,5,2,5,,,,,,,,,,,,,7,3,4,4,4,,,7,4
"Algeria","DZ","DZA","012","AFR",2019,5422,331,0,284,137,8,45,284,137,14,49,8,45,8,43,,,,,,,4,49,,26,342,,,,,,,53,14,17,5
"American Samoa","AS","ASM","016","WPR",2017,3,0,0,2,0,1,0,1,0,1,0,1,0,1,0,0,1,0,0,1,0,0,1,0,0,1,0,1,1,1,0,1,,,1,0
"American Samoa","AS","ASM","016","WPR",2018,0,1,0,0,1,0,1,0,1,0,0,0,0,0,0,,,1,,,0,0,1,0,0,0,0,0,0,0,0,0,,,0,0
"American Samoa","AS","ASM","016","WPR",2019,1,1,0,1,0,0,0,1,0,0,0,0,0,0,0,,,0,,,1,,,0,,,1,,,,,,0,0,0,0
"Andorra","AD","AND","020","EUR",2017,1,0,0,1,0,0,0,1,0,0,0,0,0,0,0,0,0,0,0,0,1,0,0,0,0,1,0,0,0,0,0,0,,,0,0
"Andorra","AD","AND","020","EUR",2018,2,0,0,1,,0,,1,,0,,0,,0,,,,,,,1,,,,,1,,0,0,0,0,0,,,0,0
"Andorra","AD","AND","020","EUR",2019,4,,,2,,0,,2,,0,,0,,0,,,,,,,2,,,,,2,,,,,,,0,0,0,0
"Angola","AO","AGO","024","AFR",2017,24490,3476,,176,358,176,358,0,0,0,0,0,0,0,0,0,0,534,0,0,0,0,0,534,0,0,0,0,0,0,0,0,,,0,0
"Angola","AO","AGO","024","AFR",2018,31098,6623,0,52,597,52,597,52,597,0,0,52,597,0,0,73,576,0,0,0,0,57,592,0,0,0,0,0,0,0,0,0,,,0,0
"Angola","AO","AGO","024","AFR",2019,34887,6499,0,29679,6499,232,1291,0,0,0,0,0,0,0,0,112,1405,6,4588,30067,0,37,1486,0,8716,25939,0,,,,,,0,0,0,0
"Anguilla","AI","AIA","660","AMR",2017,,,,,,,,,,,,,,,,,,,,,,,,,,,,,,,,,,,,
"Anguilla","AI","AIA","660","AMR",2018,,,,,,,,,,,,,,,,,,,,,,,,,,,,,,,,,,,,
"Anguilla","AI","AIA","660","AMR",2019,,,,,,,,,,,,,,,,,,,,,,,,,,,,,,,,,,,,
"Antigua and Barbuda","AG","ATG","028","AMR",2017,1,0,0,0,,0,,0,,0,,0,,0,,0,0,0,0,0,0,0,0,0,0,0,0,0,0,0,0,0,,,0,0
"Antigua and Barbuda","AG","ATG","028","AMR",2018,2,0,0,0,0,0,0,0,0,0,0,0,0,0,0,0,0,0,0,0,0,0,0,0,0,0,0,0,0,0,0,0,,,0,0
"Antigua and Barbuda","AG","ATG","028","AMR",2019,0,0,0,0,0,0,0,0,0,0,0,0,0,0,0,0,0,0,0,0,0,0,0,0,0,0,0,,,,,,0,0,0,0
"Argentina","AR","ARG","032","AMR",2017,5287,902,376,1077,585,30,91,1077,585,62,105,30,91,30,61,23,9,89,146,222,1173,2,102,17,66,1102,373,90,71,11,14,6,,,90,6
"Argentina","AR","ARG","032","AMR",2018,5694,1248,312,1500,495,80,79,1493,493,114,94,80,79,68,66,25,51,83,184,510,1142,11,147,1,120,1711,5,120,83,22,24,9,,,120,9
"Argentina","AR","ARG","032","AMR",2019,5079,476,2147,1036,318,46,81,984,310,87,94,44,79,40,65,23,15,89,66,205,956,2,122,3,67,1142,18,,,,,,108,15,77,3
"Armenia","AM","ARM","051","EUR",2017,326,128,0,320,108,51,48,320,108,79,52,51,48,40,41,18,81,0,53,276,0,0,99,0,3,326,0,98,58,20,33,13,,,81,13
"Armenia","AM","ARM","051","EUR",2018,254,104,0,250,82,51,34,250,82,84,37,51,34,43,33,10,75,0,14,233,0,0,85,0,2,245,0,85,38,18,43,14,,,76,14
"Armenia","AM","ARM","051","EUR",2019,239,66,0,233,66,38,27,231,65,85,33,38,27,33,23,14,50,1,21,207,6,0,65,0,1,233,0,,,,,,63,19,22,12
"Aruba","AW","ABW","533","AMR",2017,2,0,0,,,,,,,,,,,,,,,,,,,,,,,,,,,,,,,,,
"Aruba","AW","ABW","533","AMR",2018,5,0,0,,,,,,,,,,,,,,,,,,,,,,,,,,,,,,,,,
"Aruba","AW","ABW","533","AMR",2019,1,0,0,0,0,0,0,0,0,0,0,0,0,0,0,0,0,0,0,0,0,0,0,0,0,0,0,,,,,,0,0,0,0
"Australia","AU","AUS","036","WPR",2017,745,34,1,688,26,13,6,669,25,58,9,13,6,12,6,2,16,1,15,592,88,0,19,0,17,678,0,17,15,1,1,0,,,16,0
"Australia","AU","AUS","036","WPR",2018,763,43,4,712,41,24,4,712,41,62,10,24,4,21,4,1,25,2,9,622,94,2,26,0,16,709,0,23,18,4,2,1,,,22,1
"Australia","AU","AUS","036","WPR",2019,768,38,3,708,32,17,3,700,31,75,5,16,3,15,3,1,16,3,17,634,69,0,20,0,10,710,0,,,,,,19,3,6,1
"Austria","AT","AUT","040","EUR",2017,293,16,76,262,15,11,3,262,15,26,2,11,3,11,2,,,,,,,0,14,0,9,254,0,13,6,3,6,2,,,13,2
"Austria","AT","AUT","040","EUR",2018,232,23,72,208,14,10,3,208,14,21,3,10,3,10,3,,,,,,,3,10,0,9,200,0,13,4,3,6,0,,,13,0
"Austria","AT","AUT","040","EUR",2019,220,21,66,192,12,2,1,192,12,13,1,2,1,2,1,,,,,,,0,3,0,6,195,0,,,,,,3,2,3,0
"Azerbaijan","AZ","AZE","031","EUR",2017,2023,2900,,1973,2690,245,762,1328,1707,228,846,170,513,170,495,,,,,,,,,,,,,812,446,208,276,118,,,,
"Azerbaijan","AZ","AZE","031","EUR",2018,1988,2836,,1983,2743,237,701,1904,2522,275,679,237,701,160,478,,,,,,,,,,,,,864,627,148,166,77,,,,
"Azerbaijan","AZ","AZE","031","EUR",2019,1911,2219,,1911,2183,219,533,1806,1951,225,431,219,533,111,303,,,,,,,,,,,,,,,,,,704,153,367,89
"Bahamas","BS","BHS","044","AMR",2017,16,0,0,16,0,0,0,0,0,0,0,0,0,0,0,0,0,0,2,11,3,0,0,0,2,12,2,0,0,0,0,0,,,0,0
"Bahamas","BS","BHS","044","AMR",2018,18,0,0,18,0,1,0,18,0,0,0,1,0,0,0,0,1,0,5,12,0,0,1,0,2,15,0,0,0,0,0,0,,,0,0
"Bahamas","BS","BHS","044","AMR",2019,19,4,0,19,4,1,0,19,3,0,0,1,0,0,0,0,1,0,0,21,1,0,1,0,1,21,0,,,,,,0,0,0,0
"Bahrain","BH","BHR","048","EMR",2017,80,0,0,80,,1,,80,,1,,1,,1,,0,1,0,2,70,7,0,1,0,3,76,0,1,1,0,0,0,,,0,0
"Bahrain","BH","BHR","048","EMR",2018,79,1,0,79,1,4,0,79,1,5,0,3,0,3,0,0,4,0,6,38,32,0,4,0,0,76,0,,,,,,,,,
"Bahrain","BH","BHR","048","EMR",2019,101,0,0,93,0,2,0,93,0,6,0,2,0,2,0,0,2,0,4,71,16,0,2,0,0,91,0,,,,,,1,0,1,0
"Bangladesh","BD","BGD","050","SEA",2017,140752,5107,3,38977,5107,623,288,25,125,15,106,21,110,15,105,,,,,,,23,888,0,668,42496,9,289,223,66,2,2,,,76,0
"Bangladesh","BD","BGD","050","SEA",2018,149751,6035,3,36583,5892,782,412,10,35,4,10,4,11,4,10,,,,,,,,,,,,,853,734,107,18,6,,,14,6
"Bangladesh","BD","BGD","050","SEA",2019,162194,6961,1,42461,6802,613,760,0,0,0,0,0,0,0,0,0,439,934,61,5379,42450,,,,,,,,,,,,1248,93,,
"Barbados","BB","BRB","052","AMR",2017,0,0,0,0,0,0,0,0,0,0,0,0,0,0,0,0,0,0,0,0,0,0,0,0,0,0,0,0,0,0,0,0,,,0,0
"Barbados","BB","BRB","052","AMR",2018,1,0,0,0,0,0,0,0,0,0,0,0,0,0,0,0,0,0,0,0,0,0,0,0,0,0,0,0,0,0,0,0,,,0,0
"Barbados","BB","BRB","052","AMR",2019,0,0,0,0,0,0,0,0,0,0,0,0,0,0,0,0,0,0,0,0,0,0,0,0,0,0,0,,,,,,0,0,0,0
"Belarus","BY","BLR","112","EUR",2017,1690,700,0,1690,700,649,468,1690,700,,,649,468,629,459,92,1025,0,84,1189,0,2,1115,0,4,1269,0,1117,413,464,583,343,,,1088,343
"Belarus","BY","BLR","112","EUR",2018,1529,612,0,1529,612,559,425,1529,612,,,559,425,559,425,105,879,0,100,1057,0,3,981,0,9,1148,0,984,476,272,421,185,,,984,185
"Belarus","BY","BLR","112","EUR",2019,1490,523,0,1490,523,561,313,1490,523,503,305,561,313,503,305,90,784,0,74,1065,0,0,874,0,3,1136,0,,,,,,874,277,807,185
"Belgium","BE","BEL","056","EUR",2017,465,42,98,426,39,2,2,426,39,27,4,2,2,1,2,0,4,0,22,249,190,1,3,0,25,436,0,3,2,0,1,0,,,3,0
"Belgium","BE","BEL","056","EUR",2018,476,46,74,427,34,5,1,427,34,22,2,5,1,5,1,1,1,4,15,238,202,0,6,0,24,431,0,6,1,5,3,3,,,6,3
"Belgium","BE","BEL","056","EUR",2019,494,53,70,437,40,9,4,437,40,19,5,9,4,9,3,2,6,5,19,231,214,0,13,0,16,448,0,,,,,,11,2,11,0
"Belize","BZ","BLZ","084","AMR",2017,68,8,0,,,,,,,,,,,,,0,,,,,,0,,,,,,1,1,0,0,0,,,1,0
"Belize","BZ","BLZ","084","AMR",2018,55,7,0,55,2,0,0,0,0,0,0,0,0,0,0,0,0,0,11,44,2,0,0,0,0,57,0,0,0,0,0,0,,,0,0
"Belize","BZ","BLZ","084","AMR",2019,63,7,0,54,6,0,0,0,0,0,0,0,0,0,0,0,0,0,11,44,5,0,0,0,0,60,0,,,,,,0,0,0,0
"Benin","BJ","BEN","204","AFR",2017,2783,259,0,11,259,4,14,1,11,0,6,0,9,0,4,4,8,6,14,227,11,0,18,0,7,239,6,18,18,0,0,0,,,4,0
"Benin","BJ","BEN","204","AFR",2018,3148,236,0,980,236,8,19,,,,,,,,,7,19,1,66,1071,52,0,27,0,33,1128,28,27,27,0,0,0,,,0,0
"Benin","BJ","BEN","204","AFR",2019,3335,251,0,897,239,7,22,2,17,0,9,0,13,0,5,9,15,5,61,998,48,0,29,0,31,1050,26,,,,,,29,0,5,0
"Bermuda","BM","BMU","060","AMR",2017,1,0,0,1,0,0,0,1,0,0,0,0,0,0,0,0,0,0,0,1,0,0,0,0,0,1,0,0,0,0,0,0,,,0,0
"Bermuda","BM","BMU","060","AMR",2018,2,0,0,2,0,0,0,2,0,0,0,0,0,0,0,0,0,0,0,2,0,0,0,0,0,2,0,0,0,0,0,0,,,0,0
"Bermuda","BM","BMU","060","AMR",2019,1,0,0,1,0,0,0,1,0,0,0,0,0,0,0,0,0,0,0,1,0,0,0,0,0,1,0,,,,,,0,0,0,0
"Bhutan","BT","BTN","064","SEA",2017,402,47,0,376,9,50,3,376,9,68,4,50,3,47,3,,53,,,332,,1,52,,2,330,,8,8,0,0,0,,,8,0
"Bhutan","BT","BTN","064","SEA",2018,396,48,1,349,6,42,2,349,2,75,1,52,1,46,1,0,44,0,0,311,0,0,44,0,9,301,1,44,43,1,0,0,,,47,0
"Bhutan","BT","BTN","064","SEA",2019,476,52,2,476,52,73,5,424,40,87,6,69,5,60,5,0,78,0,0,450,0,1,77,0,9,441,0,,,,,,65,6,65,1
"Bolivia (Plurinational State of)","BO","BOL","068","AMR",2017,4978,516,0,1191,326,40,18,1191,326,61,20,40,18,37,14,,,58,,,1459,,,58,,,1459,58,46,4,8,0,,,38,0
"Bolivia (Plurinational State of)","BO","BOL","068","AMR",2018,5303,319,0,3935,319,65,45,521,257,41,19,41,19,41,19,,,,,,,,,,,,,60,44,6,11,1,,,59,1
"Bolivia (Plurinational State of)","BO","BOL","068","AMR",2019,5203,436,0,,,,,,,,,,,,,,,,,,,,,,,,,,,,,,,,,
"Bosnia and Herzegovina","BA","BIH","070","EUR",2017,434,45,0,381,43,0,0,118,11,3,0,0,0,0,0,0,0,0,0,18,406,0,0,0,1,125,298,,,,,,,,,
"Bosnia and Herzegovina","BA","BIH","070","EUR",2018,410,38,,399,27,2,0,2,0,0,0,2,0,0,0,,,2,,19,405,0,2,0,,424,,,,,,,,,,
"Bosnia and Herzegovina","BA","BIH","070","EUR",2019,319,36,,306,36,1,,215,27,3,,,,,,,,1,,18,323,,1,,,341,,,,,,,,,,
"Botswana","BW","BWA","072","AFR",2017,1129,122,858,,,,,,,,,,,,,,,,,,,,,,,,,,,,,,,,,
"Botswana","BW","BWA","072","AFR",2018,908,90,13,,,,,,,,,,,,,,,,,,,,,,,,,,,,,,,,,
"Botswana","BW","BWA","072","AFR",2019,514,66,13,149,97,23,29,149,97,17,25,23,29,13,23,,,,,,,,,,,,,,,,,,,,,
"Brazil","BR","BRA","076","AMR",2017,45341,9359,142,15367,3641,480,267,,,,,,,,,108,509,130,1733,13857,2671,8,737,2,191,18065,5,,,,,,,,112,16
"Brazil","BR","BRA","076","AMR",2018,48150,9936,142,20530,4800,563,339,,,,,,,,,145,579,178,2373,18663,3392,15,887,0,298,24130,0,,,,,,,,127,6
"Brazil","BR","BRA","076","AMR",2019,48511,10406,195,21383,5017,560,274,,,,,,,,,133,555,146,2416,19568,3582,16,818,0,319,25247,0,,,,,,,,118,16
"British Virgin Islands","VG","VGB","092","AMR",2017,,,,,,,,,,,,,,,,,,,,,,,,,,,,,,,,,,,,
"British Virgin Islands","VG","VGB","092","AMR",2018,,,1,,,,,,,,,,,,,,,,,,,,,,,,,,,,,,,,,
"British Virgin Islands","VG","VGB","092","AMR",2019,,,,,,,,,,,,,,,,,,,,,,,,,,,,,,,,,,,,
"Brunei Darussalam","BN","BRN","096","WPR",2017,170,9,0,170,9,0,0,170,9,4,2,0,0,0,0,0,0,0,1,178,0,0,0,0,2,177,0,0,0,0,0,0,,,0,0
"Brunei Darussalam","BN","BRN","096","WPR",2018,197,4,0,197,4,0,0,197,4,2,0,0,0,0,0,0,0,0,3,198,0,0,0,0,2,199,0,0,0,0,0,0,,,0,0
"Brunei Darussalam","BN","BRN","096","WPR",2019,194,14,0,194,14,1,0,194,14,4,0,1,0,0,0,0,1,0,2,204,1,0,1,0,4,203,0,,,,,,0,0,0,0
"Bulgaria","BG","BGR","100","EUR",2017,619,102,0,524,84,14,15,514,83,21,18,14,15,13,11,0,26,3,2,547,30,0,29,0,1,578,0,27,23,4,1,1,,,23,1
"Bulgaria","BG","BGR","100","EUR",2018,549,92,0,476,75,12,16,464,72,30,19,12,16,10,14,0,22,6,0,476,47,0,28,0,0,523,0,28,20,5,3,0,,,24,0
"Bulgaria","BG","BGR","100","EUR",2019,577,74,0,403,50,7,7,396,50,21,7,7,7,6,5,0,12,2,0,368,71,0,14,0,3,436,0,,,,,,14,4,11,0
"Burkina Faso","BF","BFA","854","AFR",2017,3613,429,2,806,341,15,48,15,35,14,34,14,34,14,34,11,50,2,59,687,338,1,62,0,4,1080,0,31,29,1,2,1,,,31,1
"Burkina Faso","BF","BFA","854","AFR",2018,3936,341,11,1150,197,46,39,15,33,15,33,15,25,15,25,,,,,,,1,84,0,26,1236,0,57,54,2,1,0,,,40,0
"Burkina Faso","BF","BFA","854","AFR",2019,3234,327,7,1733,495,56,18,34,19,27,16,29,16,26,15,,,,,,,2,72,0,111,2043,,,,,,,55,5,41,2
"Burundi","BI","BDI","108","AFR",2017,4501,314,0,0,314,0,50,0,50,0,50,0,50,0,50,10,40,0,0,264,0,0,50,0,0,264,0,50,49,1,0,0,,,50,0
"Burundi","BI","BDI","108","AFR",2018,4071,241,0,,241,,50,,50,,50,,50,,50,10,40,0,,,191,0,50,,,191,,50,49,1,0,0,,,50,0
"Burundi","BI","BDI","108","AFR",2019,4034,235,0,33,31,33,31,0,1,0,1,0,1,0,1,13,51,0,0,0,0,2,62,0,0,0,0,,,,,,0,0,0,0
"Cabo Verde","CV","CPV","132","AFR",2017,163,23,0,50,6,1,1,1,1,0,0,1,1,0,0,0,2,0,4,50,0,0,2,0,1,53,0,2,2,0,0,0,,,0,0
"Cabo Verde","CV","CPV","132","AFR",2018,138,21,0,98,10,1,1,1,1,0,0,1,1,0,0,1,1,0,6,100,0,0,2,0,1,105,0,2,2,0,0,0,,,0,0
"Cabo Verde","CV","CPV","132","AFR",2019,143,19,0,99,11,1,1,0,1,0,1,0,1,0,1,0,2,0,8,100,0,0,2,0,2,106,0,,,,,,1,0,1,0
"Cambodia","KH","KHM","116","WPR",2017,11482,609,1,,,,,,,,,,,,,,,,,,,,,,,,,,,,,,,,,
"Cambodia","KH","KHM","116","WPR",2018,9370,478,0,,,,,,,,,,,,,,,,,,,,,,,,,125,112,8,5,0,,,,
"Cambodia","KH","KHM","116","WPR",2019,10045,415,0,,,,,,,,,,,,,,,,,,,,,,,,,,,,,,,,,
"Cameroon","CM","CMR","120","AFR",2017,13448,378,0,3806,378,107,78,49,43,36,24,46,34,36,24,63,122,0,481,0,3518,1,180,4,20,3479,500,74,74,0,1,1,,,60,0
"Cameroon","CM","CMR","120","AFR",2018,13460,1250,0,6435,1061,106,70,99,61,70,47,75,56,70,47,,,,,,,5,165,6,849,6471,,176,161,9,7,1,,,117,1
"Cameroon","CM","CMR","120","AFR",2019,14545,1434,0,2530,1244,81,114,31,71,26,57,30,71,26,57,46,117,32,,,3579,3,192,,39,2088,1452,,,,,,97,4,83,0
"Canada","CA","CAN","124","AMR",2017,,,,852,62,11,0,851,62,54,3,11,0,11,0,1,7,3,15,606,282,0,11,0,24,879,0,8,6,1,1,0,,,8,0
"Canada","CA","CAN","124","AMR",2018,,,,898,50,15,2,895,50,52,4,14,2,11,1,1,11,5,21,598,312,0,17,0,10,920,1,12,9,2,2,1,,,11,1
"Canada","CA","CAN","124","AMR",2019,,,,,,,,,,,,,,,,,,,,,,,,,,,,,,,,,,,,
"Cayman Islands","KY","CYM","136","AMR",2017,3,,,3,0,0,0,3,0,0,0,0,0,0,0,0,0,0,3,0,0,0,0,0,0,3,0,0,0,0,0,0,,,0,0
"Cayman Islands","KY","CYM","136","AMR",2018,3,0,0,3,0,0,0,3,0,0,0,0,0,0,0,0,0,0,3,0,0,0,0,0,0,3,0,0,0,0,0,0,,,0,0
"Cayman Islands","KY","CYM","136","AMR",2019,,,,,,,,,,,,,,,,,,,,,,,,,,,,,,,,,,,,
"Central African Republic","CF","CAF","140","AFR",2017,4882,419,0,17,251,0,93,0,0,0,0,0,0,0,0,,,93,,,175,,,93,,,175,2,0,2,0,0,,,0,0
"Central African Republic","CF","CAF","140","AFR",2018,5302,305,0,37,168,4,53,0,18,0,16,0,18,0,16,14,37,6,0,0,148,0,57,0,2,146,0,0,0,0,0,0,,,0,0
"Central African Republic","CF","CAF","140","AFR",2019,6483,392,0,251,139,22,77,0,31,0,3,0,3,0,3,22,75,2,0,0,291,0,99,0,10,281,0,,,,,,0,0,0,0
"Chad","TD","TCD","148","AFR",2017,4732,626,0,408,360,9,51,0,0,0,0,0,0,0,0,,,,,,,,,,,,,0,0,0,0,0,,,0,0
"Chad","TD","TCD","148","AFR",2018,5015,670,0,9,41,9,41,0,0,0,0,0,0,0,0,9,39,2,0,0,0,2,48,0,0,0,0,0,0,0,0,0,,,0,0
"Chad","TD","TCD","148","AFR",2019,6166,647,0,1763,498,4,68,0,0,0,0,0,0,0,0,,,,,,,1,71,0,0,0,2189,,,,,,0,0,0,0
"Chile","CL","CHL","152","AMR",2017,1910,118,0,1577,101,31,6,1577,101,40,3,31,6,18,1,7,28,2,142,1223,276,0,37,0,40,1601,0,37,36,0,1,0,,,19,0
"Chile","CL","CHL","152","AMR",2018,2012,216,0,1698,160,42,14,1651,153,67,8,42,14,26,6,7,47,2,141,1412,249,1,55,0,16,1784,2,56,51,5,0,0,,,32,0
"Chile","CL","CHL","152","AMR",2019,2088,244,0,1887,221,39,18,1723,203,63,14,39,18,20,7,9,44,4,181,1547,323,0,56,1,13,2032,6,,,,,,55,4,27,2
"China","CN","CHN","156","WPR",2017,212914,27873,,89171,19099,7718,5351,89171,19099,9558,5335,7718,5351,5339,4248,,,13069,,,95201,,,13069,,,95201,,,,,,,,,
"China","CN","CHN","156","WPR",2018,249251,34990,0,144192,34990,7311,7325,144192,34990,8415,5850,7311,7325,4036,4322,,,14636,,,164546,,,14636,,,164546,,,,,,,,,
"China","CN","CHN","156","WPR",2019,295225,39805,0,235901,35200,9990,8256,162153,29204,10538,6175,6576,5902,4113,4746,86,18160,0,1268,251587,0,50,18196,0,785,252070,0,,,,,,5790,1495,1224,377
"China, Hong Kong SAR","HK","HKG","344","WPR",2017,2285,194,7,2285,194,20,9,2285,194,132,22,20,9,14,8,,,,,,,1,28,0,13,2437,0,29,25,1,3,0,,,22,0
"China, Hong Kong SAR","HK","HKG","344","WPR",2018,2734,266,5,2533,205,37,11,2521,204,138,28,35,11,25,11,2,34,12,13,0,2677,0,48,0,12,2678,0,41,35,5,2,1,,,32,1
"China, Hong Kong SAR","HK","HKG","344","WPR",2019,2443,192,3,2343,176,19,5,2343,176,127,29,19,5,16,5,1,18,5,36,,2459,0,24,0,9,2486,0,,,,,,20,2,17,0
"China, Macao SAR","MO","MAC","446","WPR",2017,241,25,14,234,25,1,0,234,25,14,3,1,0,1,0,0,1,0,0,241,17,0,1,0,1,257,0,1,1,0,0,0,,,1,0
"China, Macao SAR","MO","MAC","446","WPR",2018,205,26,8,203,25,4,3,203,25,17,4,4,3,4,3,0,6,1,2,208,11,0,7,0,2,219,0,7,7,0,0,0,,,7,0
"China, Macao SAR","MO","MAC","446","WPR",2019,229,17,21,224,17,5,1,221,16,19,0,4,0,2,0,0,6,0,1,223,11,0,6,0,1,234,0,,,,,,4,0,2,0
"Colombia","CO","COL","170","AMR",2017,8329,892,0,1776,259,126,71,1449,199,215,80,126,71,79,51,40,141,16,227,1485,126,5,190,2,25,1812,1,95,92,1,3,1,,,75,1
"Colombia","CO","COL","170","AMR",2018,8509,693,60,1861,356,125,80,1688,325,292,129,125,80,68,50,30,154,21,275,1646,91,3,198,4,34,1977,1,168,158,9,2,1,,,56,1
"Colombia","CO","COL","170","AMR",2019,9079,628,308,2080,193,106,24,709,38,151,19,116,28,64,19,32,64,34,261,1815,67,0,130,0,29,2114,0,,,,,,31,3,47,0
"Comoros","KM","COM","174","AFR",2017,48,7,0,0,0,0,0,0,0,0,0,0,0,0,0,0,0,0,0,0,0,0,0,0,0,0,0,,,,,,,,,
"Comoros","KM","COM","174","AFR",2018,50,0,0,10,0,0,0,0,0,0,0,0,0,0,0,0,0,0,3,7,0,0,0,0,0,10,0,0,0,0,0,0,,,0,0
"Comoros","KM","COM","174","AFR",2019,,,,,,,,,,,,,,,,,,,,,,,,,,,,,,,,,,,,
"Congo","CG","COG","178","AFR",2017,3806,258,0,74,258,3,55,0,,0,,0,,0,,,,,,,,,,,,,,0,0,0,0,0,,,0,0
"Congo","CG","COG","178","AFR",2018,3823,333,0,587,333,21,40,0,0,0,0,0,0,0,0,5,56,0,156,703,0,0,61,0,0,859,0,0,0,0,0,0,,,0,0
"Congo","CG","COG","178","AFR",2019,4160,227,0,1202,,157,,0,0,0,0,0,0,0,0,28,129,0,323,663,59,0,157,0,0,1045,0,,,,,,0,0,0,0
"Cook Islands","CK","COK","184","WPR",2017,0,0,0,0,0,0,0,0,0,0,0,0,0,0,0,0,0,0,0,0,0,0,0,0,0,0,0,0,0,0,0,0,,,0,0
"Cook Islands","CK","COK","184","WPR",2018,0,0,0,0,0,0,0,0,0,0,0,0,0,0,0,0,0,0,0,0,0,0,0,0,0,0,0,0,0,0,0,0,,,0,0
"Cook Islands","CK","COK","184","WPR",2019,1,0,0,,,,,,,,,,,,,,,,,,,,,,,,,,,,,,,,,
"Costa Rica","CR","CRI","188","AMR",2017,294,24,0,289,5,4,0,289,5,6,5,4,0,4,0,0,4,0,0,290,0,0,4,0,3,287,0,4,3,0,1,0,,,4,0
"Costa Rica","CR","CRI","188","AMR",2018,325,20,0,312,0,7,0,312,0,10,0,7,0,3,0,2,5,0,2,303,0,0,7,0,13,292,0,7,7,0,0,0,,,3,0
"Costa Rica","CR","CRI","188","AMR",2019,315,21,0,315,21,1,0,315,21,8,0,1,0,1,0,0,1,0,38,297,0,0,1,0,14,321,0,,,,,,1,0,1,0
"Côte d'Ivoire","CI","CIV","384","AFR",2017,13349,1294,0,995,1294,52,316,28,139,25,134,27,139,25,134,,,368,,,1921,5,354,9,,,1921,167,150,16,9,8,,,159,8
"Côte d'Ivoire","CI","CIV","384","AFR",2018,13431,1135,0,6932,1135,172,312,62,150,62,150,62,150,62,150,20,464,,,,7583,9,475,,,,7583,17,14,3,3,3,,,17,3
"Côte d'Ivoire","CI","CIV","384","AFR",2019,14229,1047,0,1598,1046,71,325,,,,,,,,,23,373,,,,2248,11,385,,,,2248,,,,,,,,,17
"Croatia","HR","HRV","191","EUR",2017,237,16,40,159,10,0,0,159,10,1,1,0,0,0,0,0,0,0,1,3,165,0,0,0,0,169,0,,,,,,,,,
"Croatia","HR","HRV","191","EUR",2018,241,19,46,225,16,1,1,224,16,3,1,1,1,1,1,0,0,2,0,2,237,0,2,0,3,236,0,1,1,0,0,0,,,1,0
"Croatia","HR","HRV","191","EUR",2019,2,14,233,1,11,0,1,1,11,0,1,0,1,0,1,0,0,1,0,1,10,0,1,0,0,11,0,,,,,,0,0,0,0
"Cuba","CU","CUB","192","AMR",2017,469,73,0,290,58,2,7,270,53,7,9,2,7,1,4,1,8,0,53,286,0,0,9,0,0,339,0,7,7,0,0,0,,,4,0
"Cuba","CU","CUB","192","AMR",2018,478,81,0,340,67,4,21,304,55,17,13,4,17,3,11,4,21,0,45,337,0,0,25,0,1,381,0,22,18,3,1,0,,,14,0
"Cuba","CU","CUB","192","AMR",2019,482,70,0,319,53,7,3,283,41,14,6,7,3,5,3,2,8,0,41,321,0,0,10,0,2,360,0,,,,,,10,1,8,0
"Curaçao","CW","CUW","531","AMR",2017,8,0,0,8,0,0,0,8,0,0,0,0,0,0,0,0,0,0,0,7,1,0,0,0,0,8,0,0,0,0,0,0,,,0,0
"Curaçao","CW","CUW","531","AMR",2018,,,,,,,,,,,,,,,,,,,,,,,,,,,,,,,,,,,,
"Curaçao","CW","CUW","531","AMR",2019,,,,,,,,,,,,,,,,,,,,,,,,,,,,,,,,,,,,
"Cyprus","CY","CYP","196","EUR",2017,38,0,1,33,0,1,0,33,0,4,0,1,0,1,0,0,1,0,0,31,1,0,1,0,0,32,0,1,0,1,0,0,,,1,0
"Cyprus","CY","CYP","196","EUR",2018,33,1,1,33,1,0,0,33,1,3,0,0,0,0,0,0,0,0,1,29,4,0,0,0,0,34,0,,,,,,,,,
"Cyprus","CY","CYP","196","EUR",2019,49,1,1,47,1,0,0,47,1,3,0,0,0,0,0,0,0,0,1,31,16,0,0,0,0,48,0,,,,,,0,0,0,0
"Czechia","CZ","CZE","203","EUR",2017,345,24,0,296,16,3,3,296,16,8,3,3,3,3,3,0,4,2,6,128,172,0,6,0,0,306,0,6,3,2,3,2,,,6,2
"Czechia","CZ","CZE","203","EUR",2018,322,28,0,278,20,10,0,278,19,19,0,10,0,10,0,0,8,2,2,132,154,0,10,0,2,286,0,10,6,1,3,0,,,10,0
"Czechia","CZ","CZE","203","EUR",2019,353,18,0,308,11,8,0,306,11,21,0,8,0,8,0,1,5,2,7,184,120,0,8,0,3,308,0,,,,,,3,0,3,0
"Democratic People's Republic of Korea","KP","PRK","408","SEA",2017,,,,,,,,,,,,,,,,,,,,,,,,,,,,,,,,,,,,
"Democratic People's Republic of Korea","KP","PRK","408","SEA",2018,28546,12765,0,,2560,,1782,,676,,560,,500,,500,,,,,,,,1782,,,778,,,,,,,,,,
"Democratic People's Republic of Korea","KP","PRK","408","SEA",2019,30496,14197,0,0,3204,0,2354,0,0,0,0,0,0,0,0,,,,,,,0,2354,0,0,850,0,,,,,,,,,
"Democratic Republic of the Congo","CD","COD","180","AFR",2017,93555,5871,0,4682,5854,326,559,41,293,9,277,41,293,9,277,,,,,,,,,,,,,318,301,18,0,1,,,286,1
"Democratic Republic of the Congo","CD","COD","180","AFR",2018,103881,5693,0,2494,3738,314,451,123,228,53,88,85,121,48,80,58,415,292,421,3587,1459,25,740,0,323,5144,0,328,322,7,2,3,,,126,3
"Democratic Republic of the Congo","CD","COD","180","AFR",2019,109558,5594,0,7189,4792,409,509,142,54,115,50,142,54,115,50,79,580,259,244,903,9916,29,889,0,116,4812,6135,,,,,,326,26,165,3
"Denmark","DK","DNK","208","EUR",2017,159,16,0,155,16,1,0,155,16,3,0,1,0,1,0,0,0,1,1,125,44,0,1,0,6,164,0,1,1,0,0,0,,,1,0
"Denmark","DK","DNK","208","EUR",2018,166,15,0,160,13,4,0,160,13,5,2,4,0,4,0,0,4,0,2,133,34,0,4,0,8,161,0,4,4,0,0,0,,,4,0
"Denmark","DK","DNK","208","EUR",2019,175,17,1,171,17,3,0,171,17,6,0,3,0,3,0,1,2,0,4,143,38,0,3,0,11,174,0,,,,,,3,0,3,0
"Djibouti","DJ","DJI","262","EMR",2017,939,133,0,75,0,75,,75,,16,,0,,0,,15,60,,0,0,,0,75,,0,0,,31,17,6,12,4,,,,
"Djibouti","DJ","DJI","262","EMR",2018,951,96,0,640,93,74,9,0,6,0,3,0,3,0,3,1,82,,20,630,,3,66,14,11,591,48,13,7,4,6,4,,,3,3
"Djibouti","DJ","DJI","262","EMR",2019,906,67,2,621,47,32,12,,,,,,,,,1,43,,33,586,5,,,,,,,,,,,,,,,
"Dominica","DM","DMA","212","AMR",2017,1,0,0,0,0,0,0,0,0,0,0,0,0,0,0,0,0,0,0,0,0,0,0,0,0,0,0,0,0,0,0,0,,,0,0
"Dominica","DM","DMA","212","AMR",2018,1,1,0,0,0,0,0,0,0,0,0,0,0,0,0,0,0,0,0,0,0,0,0,0,0,0,0,0,0,0,0,0,,,0,0
"Dominica","DM","DMA","212","AMR",2019,7,1,0,1,1,0,0,0,0,0,0,0,0,0,0,0,0,0,0,2,0,0,0,0,0,2,0,,,,,,0,0,0,0
"Dominican Republic","DO","DOM","214","AMR",2017,1888,316,0,308,113,32,24,186,78,42,27,27,21,27,20,9,38,9,74,236,55,0,56,0,4,361,0,43,39,1,3,0,,,43,0
"Dominican Republic","DO","DOM","214","AMR",2018,1908,301,0,415,138,66,34,104,47,38,21,35,15,33,14,23,74,3,89,298,66,6,94,0,12,424,17,46,44,1,1,0,,,43,0
"Dominican Republic","DO","DOM","214","AMR",2019,1980,370,12,898,220,83,34,108,31,56,11,45,9,42,8,14,97,6,178,727,96,1,116,0,10,991,0,,,,,,48,3,41,0
"Ecuador","EC","ECU","218","AMR",2017,,,,,,,,,,,,,,,,,,,,,,,,,,,,,,,,,,,,
"Ecuador","EC","ECU","218","AMR",2018,4323,277,,,,,,,,,,,,,,,,,,,,,,,,,,,,,,,,,,
"Ecuador","EC","ECU","218","AMR",2019,4373,508,0,1113,446,59,98,1113,446,169,135,59,98,56,82,12,0,145,73,0,1329,0,152,5,12,1355,35,,,,,,157,5,138,7
"Egypt","EG","EGY","818","EMR",2017,3417,385,0,559,385,37,115,8,381,6,180,6,141,4,90,1,5,146,51,34,707,3,149,0,18,774,0,30,29,0,1,0,,,30,0
"Egypt","EG","EGY","818","EMR",2018,3882,456,0,3506,402,49,93,49,402,6,107,49,93,6,82,0,80,62,27,3333,406,5,137,0,5,3761,0,38,38,0,0,0,,,38,0
"Egypt","EG","EGY","818","EMR",2019,3678,503,0,3360,295,47,217,1158,295,7,78,47,217,7,54,0,264,0,2,89,3300,1,263,0,7,3358,26,,,,,,0,0,61,0
"El Salvador","SV","SLV","222","AMR",2017,2735,295,0,1193,17,9,4,453,17,7,1,7,0,3,0,1,3,9,33,13,1151,0,13,0,0,1197,0,,,,,,,,,
"El Salvador","SV","SLV","222","AMR",2018,2530,363,0,819,108,0,2,819,108,4,3,0,2,0,2,0,0,2,21,5,899,0,1,1,3,882,40,,,,,,,,,
"El Salvador","SV","SLV","222","AMR",2019,1974,350,0,521,120,2,3,521,120,6,1,2,3,0,1,1,0,4,15,6,615,0,5,0,1,615,20,,,,,,4,0,1,0
"Equatorial Guinea","GQ","GNQ","226","AFR",2017,784,92,17,2,29,2,29,,,,,,,,,10,21,0,,,,1,30,0,,,,0,0,0,0,0,,,0,0
"Equatorial Guinea","GQ","GNQ","226","AFR",2018,755,84,0,58,87,10,17,,,,,,,,,,,,,,,,,,,,,,,,,,,,,
"Equatorial Guinea","GQ","GNQ","226","AFR",2019,795,103,1,34,92,3,34,0,0,,,,,,,17,19,1,35,49,5,2,35,0,9,80,0,,,,,,6,4,6,1
"Eritrea","ER","ERI","232","AFR",2017,698,104,0,,,,,,,,,,,,,,,,,,,,,,,,,,,,,,,,,
"Eritrea","ER","ERI","232","AFR",2018,664,84,0,347,74,13,3,6,0,6,0,6,0,6,0,,,,,,,,,,,,,8,5,0,3,0,,,6,0
"Eritrea","ER","ERI","232","AFR",2019,741,74,0,686,46,16,1,16,1,6,0,16,1,6,0,,,,,,,,,,,,,,,,,,17,0,6,0
"Estonia","EE","EST","233","EUR",2017,124,21,0,123,21,26,11,119,20,37,10,26,11,26,10,4,33,0,8,94,5,0,37,0,0,107,0,35,10,10,24,9,,,34,9
"Estonia","EE","EST","233","EUR",2018,105,20,0,104,20,23,10,100,18,31,8,23,10,22,8,5,28,0,5,81,5,0,33,0,1,90,0,32,9,9,22,8,,,30,8
"Estonia","EE","EST","233","EUR",2019,106,21,0,106,21,18,11,102,20,26,10,18,10,17,10,5,23,1,9,85,4,0,29,0,1,97,0,,,,,,25,4,24,4
"Eswatini","SZ","SWZ","748","AFR",2017,2041,152,2,1860,143,114,86,1860,143,32,25,85,65,32,25,147,53,0,1244,559,0,6,194,0,90,1713,0,171,146,16,13,4,,,57,10
"Eswatini","SZ","SWZ","748","AFR",2018,1754,290,2,1754,290,119,63,1754,290,57,56,90,67,20,21,129,53,0,1229,633,0,3,179,0,44,1818,0,182,155,27,2,2,,,41,2
"Eswatini","SZ","SWZ","748","AFR",2019,1598,244,1,1598,244,93,58,1598,244,69,92,97,73,37,28,111,40,0,1099,592,0,6,145,0,56,1635,0,,,,,,151,28,65,4
"Ethiopia","ET","ETH","231","AFR",2017,43113,3035,,,,,,,,,,,,,,,,,,,,,,,,,,205,,9,1,1,,,,
"Ethiopia","ET","ETH","231","AFR",2018,45142,3118,,36265,3118,257,484,48,250,22,48,29,48,21,48,143,496,102,,,38642,9,732,0,4318,34324,,409,376,26,9,2,,,69,2
"Ethiopia","ET","ETH","231","AFR",2019,44851,3809,,15944,3243,275,383,,,101,339,275,383,79,339,144,508,6,,,18529,,,658,,,18529,,,,,,418,11,418,2
"Fiji","FJ","FJI","242","WPR",2017,138,3,0,138,3,0,1,3,1,1,1,0,1,0,1,0,1,0,9,131,0,0,1,0,6,134,0,1,1,0,0,0,,,1,0
"Fiji","FJ","FJI","242","WPR",2018,135,9,0,148,9,1,0,3,1,0,0,1,0,0,0,,1,,,156,,,1,,8,148,,0,0,0,0,0,,,0,0
"Fiji","FJ","FJI","242","WPR",2019,131,4,0,131,4,1,1,,,,,,,,,1,1,0,2,90,41,0,2,0,5,128,0,,,,,,1,0,1,0
"Finland","FI","FIN","246","EUR",2017,139,4,4,134,3,4,2,134,3,11,2,4,2,4,1,,,,,,,0,6,0,3,128,0,6,3,1,3,1,,,5,1
"Finland","FI","FIN","246","EUR",2018,139,2,3,127,0,4,0,127,0,6,0,4,0,4,0,,,,,,,0,4,0,0,123,0,4,2,1,2,1,,,4,1
"Finland","FI","FIN","246","EUR",2019,132,5,3,121,3,2,1,121,2,11,0,2,0,2,0,,,,,,,0,3,0,1,120,0,,,,,,1,0,1,0
"France","FR","FRA","250","EUR",2017,1361,176,1133,2630,237,48,33,2630,237,176,46,48,33,,,,,,,,,2,79,0,51,2735,0,79,57,14,18,10,,,79,10
"France","FR","FRA","250","EUR",2018,1264,177,1162,2753,243,46,36,2753,243,194,55,46,36,,,,,,,,,2,80,0,74,2838,2,76,46,19,19,8,,,76,10
"France","FR","FRA","250","EUR",2019,1235,141,1002,20,18,20,18,20,18,20,18,20,18,20,18,,,,,,,0,38,0,0,0,0,,,,,,38,10,37,5
"French Polynesia","PF","PYF","258","WPR",2017,30,7,0,30,7,1,1,30,7,2,1,1,1,1,1,0,0,2,1,15,19,0,2,0,0,35,0,2,2,0,0,0,,,2,0
"French Polynesia","PF","PYF","258","WPR",2018,32,7,0,32,7,1,0,32,7,1,0,1,0,1,0,0,1,0,0,38,0,0,1,0,1,37,0,1,1,0,0,0,,,1,0
"French Polynesia","PF","PYF","258","WPR",2019,,,,,,,,,,,,,,,,,,,,,,,,,,,,,,,,,,,,
"Gabon","GA","GAB","266","AFR",2017,2068,431,0,533,239,13,25,13,25,1,15,0,1,0,0,,,,,,,,,,,,,10,8,2,,,,,,
"Gabon","GA","GAB","266","AFR",2018,2243,285,0,2243,285,43,45,2243,285,43,45,,,,,8,0,80,0,0,2440,6,82,0,0,0,2440,88,85,3,0,0,,,88,3
"Gabon","GA","GAB","266","AFR",2019,2463,212,0,536,212,15,48,15,43,,,,,15,43,9,21,33,238,447,0,2,61,0,44,641,0,,,,,,61,3,58,1
"Gambia","GM","GMB","270","AFR",2017,1312,117,0,1,45,1,5,0,9,0,5,0,7,0,4,0,0,6,0,0,40,0,6,0,0,40,0,0,0,0,0,0,,,0,0
"Gambia","GM","GMB","270","AFR",2018,,,,1,9,1,9,1,9,0,1,1,9,0,1,,,10,,,0,0,10,0,0,0,0,0,0,0,0,0,,,0,0
"Gambia","GM","GMB","270","AFR",2019,1568,87,0,1,7,1,7,1,7,0,5,1,7,0,5,2,2,4,0,0,0,0,8,0,,,,,,,,,5,0,5,0
"Georgia","GE","GEO","268","EUR",2017,1466,595,0,1442,537,163,161,1231,375,250,162,144,135,129,133,16,262,46,22,1362,271,1,323,0,15,1640,0,266,117,93,102,46,,,246,44
"Georgia","GE","GEO","268","EUR",2018,1349,513,0,1313,443,160,137,810,222,173,92,108,79,93,74,20,235,42,18,1036,405,1,296,0,13,1446,0,211,76,75,109,49,,,159,34
"Georgia","GE","GEO","268","EUR",2019,1372,466,3,1360,433,165,139,1118,294,230,125,137,115,121,108,13,268,23,20,1251,218,2,302,0,5,1484,0,,,,,,242,65,203,31
"Germany","DE","DEU","276","EUR",2017,77,156,3115,67,103,6,20,67,99,13,25,6,20,6,17,,,,,,,1,25,0,0,144,0,19,11,5,3,0,,,17,0
"Germany","DE","DEU","276","EUR",2018,2356,207,886,2064,140,60,24,2050,134,193,30,59,23,55,23,,,,,,,4,80,0,65,2054,1,62,33,22,15,8,,,58,8
"Germany","DE","DEU","276","EUR",2019,2033,175,848,1763,116,37,19,1755,114,122,26,37,19,30,18,,,,,,,1,55,0,52,1771,0,,,,,,39,11,33,6
"Ghana","GH","GHA","288","AFR",2017,7924,862,2,7896,862,63,146,63,146,12,37,12,37,12,37,,,,,,,3,206,0,85,8464,0,0,0,0,0,0,,,0,0
"Ghana","GH","GHA","288","AFR",2018,7929,850,19,7413,850,95,136,95,136,18,50,18,50,18,50,,,,,,,3,228,0,65,7967,0,68,57,11,1,1,,,1,1
"Ghana","GH","GHA","288","AFR",2019,8877,624,20,8877,624,229,37,229,37,91,37,229,37,91,37,42,108,116,2620,5679,936,2,264,0,823,7967,445,,,,,,117,10,117,2
"Greece","GR","GRC","300","EUR",2017,280,38,18,153,17,7,1,147,17,16,3,7,1,6,1,0,8,0,2,135,25,0,8,0,1,159,2,7,4,2,3,2,,,7,2
"Greece","GR","GRC","300","EUR",2018,233,19,25,120,7,5,0,119,7,6,0,5,0,4,0,1,4,0,4,106,12,0,5,0,0,120,2,5,4,0,1,0,,,4,0
"Greece","GR","GRC","300","EUR",2019,288,23,14,175,17,6,1,175,17,15,1,6,1,6,0,1,6,0,9,157,19,0,7,0,3,182,0,,,,,,4,0,3,0
"Greenland","GL","GRL","304","EUR",2017,36,15,,23,6,,,,,,,,,,,,,,,,,,,,,,,,,,,,,,,
"Greenland","GL","GRL","304","EUR",2018,29,5,0,29,5,0,0,,,,,,,,,0,0,0,1,33,0,,,,,,,,,,,,,,,
"Greenland","GL","GRL","304","EUR",2019,,,,,,,,,,,,,,,,,,,,,,,,,,,,,,,,,,,,
"Grenada","GD","GRD","308","AMR",2017,2,1,0,0,1,0,0,0,0,0,0,0,0,0,0,0,0,0,0,1,0,0,0,0,0,1,0,0,0,0,0,0,,,0,0
"Grenada","GD","GRD","308","AMR",2018,1,0,0,0,0,0,0,0,0,0,0,0,0,0,0,0,0,0,0,0,0,0,0,0,0,0,0,0,0,0,0,0,,,0,0
"Grenada","GD","GRD","308","AMR",2019,2,0,0,2,0,0,0,0,0,0,0,0,0,0,0,0,0,0,0,2,0,0,0,0,0,2,0,,,,,,0,0,0,0
"Guam","GU","GUM","316","WPR",2017,57,1,0,56,1,2,1,56,1,5,1,2,1,2,1,0,3,0,1,53,0,0,3,0,0,54,0,1,0,1,0,0,,,1,0
"Guam","GU","GUM","316","WPR",2018,44,4,0,44,4,0,0,44,3,3,0,0,0,0,0,0,0,0,0,43,5,0,0,0,1,47,0,0,0,0,0,0,,,0,0
"Guam","GU","GUM","316","WPR",2019,52,0,0,51,0,2,0,49,0,7,0,2,0,2,0,0,2,0,1,43,5,0,2,0,1,48,0,,,,,,2,0,2,0
"Guatemala","GT","GTM","320","AMR",2017,2610,150,0,851,138,31,44,282,80,11,27,6,13,6,13,10,65,0,110,776,28,1,74,0,15,899,0,8,5,2,1,0,,,8,1
"Guatemala","GT","GTM","320","AMR",2018,2511,209,0,732,108,29,28,106,28,24,13,29,28,9,13,10,38,9,90,675,18,0,57,0,90,675,18,25,23,2,2,2,,,2,2
"Guatemala","GT","GTM","320","AMR",2019,2628,244,0,1795,213,44,25,373,39,22,27,20,14,20,14,15,42,12,1579,264,96,1,68,0,47,1883,9,,,,,,69,5,10,1
"Guinea","GN","GIN","324","AFR",2017,7375,546,2,889,452,54,165,0,0,0,0,0,0,0,0,45,174,0,569,553,0,4,215,0,24,1098,0,0,0,0,0,0,,,0,0
"Guinea","GN","GIN","324","AFR",2018,7974,542,0,1121,542,183,182,126,126,126,126,126,126,126,126,61,240,64,527,761,10,7,268,90,22,1266,10,126,126,1,2,3,,,250,2
"Guinea","GN","GIN","324","AFR",2019,8660,415,0,2279,415,95,208,100,213,32,90,95,208,27,88,67,168,68,622,1769,0,1,302,0,22,2369,0,,,,,,81,7,107,4
"Guinea-Bissau","GW","GNB","624","AFR",2017,1750,35,0,0,31,0,0,0,0,0,0,0,0,0,0,,,,,,,,,,,,,0,0,0,0,0,,,0,0
"Guinea-Bissau","GW","GNB","624","AFR",2018,1591,40,0,45,11,45,11,0,0,0,0,0,0,0,0,24,25,7,0,0,0,,56,,,,,,,,,,,,,
"Guinea-Bissau","GW","GNB","624","AFR",2019,1973,16,0,17,16,17,16,17,16,17,16,17,16,17,16,13,13,7,0,0,0,0,33,0,0,0,0,,,,,,17,0,17,0
"Guyana","GY","GUY","328","AMR",2017,300,76,0,241,73,6,9,0,0,0,0,0,0,0,0,7,8,0,85,214,0,0,15,0,2,297,0,0,0,0,0,0,,,0,0
"Guyana","GY","GUY","328","AMR",2018,337,86,0,,,10,7,0,0,0,0,0,0,0,0,1,16,0,,,,0,17,0,,,0,0,0,0,0,0,,,0,0
"Guyana","GY","GUY","328","AMR",2019,327,90,0,287,84,9,4,0,0,0,0,0,0,0,0,7,6,0,53,305,0,0,13,0,15,343,0,,,,,,0,0,0,0
"Haiti","HT","HTI","332","AMR",2017,9981,971,,,,,,,,,,,,,,,,,,,,,,,,,,,,,,,,,,
"Haiti","HT","HTI","332","AMR",2018,8743,1065,0,,,,,,,,,,,,,,,,,,,,,,,,,,,,,,,,,
"Haiti","HT","HTI","332","AMR",2019,8904,880,21,1390,105,45,51,210,28,83,13,83,13,83,13,21,73,2,285,1074,40,2,92,2,11,1384,4,,,,,,96,0,71,0
"Honduras","HN","HND","340","AMR",2017,2003,202,0,1061,202,4,8,231,112,4,10,6,14,2,6,4,8,0,176,651,424,0,12,0,167,731,353,4,4,0,0,0,,,4,0
"Honduras","HN","HND","340","AMR",2018,2114,232,0,776,222,10,7,340,104,3,4,11,10,1,3,1,16,0,94,724,163,0,17,0,20,961,0,15,15,0,0,0,,,4,0
"Honduras","HN","HND","340","AMR",2019,1886,178,0,825,136,7,5,387,75,0,0,7,5,0,0,0,12,0,92,824,33,0,12,0,12,937,0,,,,,,0,0,0,0
"Hungary","HU","HUN","348","EUR",2017,318,36,0,287,28,9,4,284,28,21,5,9,4,7,4,0,0,13,1,8,293,0,13,0,2,300,0,12,6,5,5,4,,,10,4
"Hungary","HU","HUN","348","EUR",2018,327,47,0,302,36,8,5,291,34,23,5,8,5,8,4,0,0,13,2,14,309,0,13,0,1,324,0,11,4,5,5,3,,,11,3
"Hungary","HU","HUN","348","EUR",2019,274,34,0,243,24,8,5,235,22,19,8,8,5,7,5,0,0,13,1,19,234,0,13,0,3,251,0,,,,,,13,6,5,3
"Iceland","IS","ISL","352","EUR",2017,7,1,0,7,1,0,0,7,1,0,0,0,0,0,0,0,0,0,0,8,0,0,0,0,0,8,0,,,,,,,,,
"Iceland","IS","ISL","352","EUR",2018,3,0,0,2,0,0,0,2,0,1,0,0,0,0,0,0,0,0,0,2,0,0,0,0,0,2,0,,,,,,,,,
"Iceland","IS","ISL","352","EUR",2019,4,0,0,4,0,0,0,4,0,0,0,0,0,0,0,0,0,0,0,4,0,0,0,0,0,4,0,,,,,,0,0,0,0
"India","IN","IND","356","SEA",2017,868769,176450,0,270825,156428,7976,23232,51827,26229,6462,7621,2303,5832,2152,5357,936,29023,1249,19802,360401,15842,624,30584,0,13862,382183,0,21546,14176,7397,2093,2120,,,6787,466
"India","IN","IND","356","SEA",2018,761445,226382,0,364292,148075,8987,27248,92398,87503,4882,7734,3425,5561,3232,5182,1336,27245,7654,23654,389451,63027,1854,34381,0,38628,437504,0,34272,17909,15514,3698,2849,,,6832,493
"India","IN","IND","356","SEA",2019,908925,159958,0,699062,131162,18945,18100,196520,109762,9267,12652,3802,5654,1886,5323,952,28439,7654,31727,698425,63027,1708,35337,0,65041,728138,0,,,,,,36748,13766,5431,389
"Indonesia","ID","IDN","360","SEA",2017,200946,15970,2467,17138,16660,1188,3882,259,1778,148,1418,198,1628,140,1356,62,1803,3205,114,413,28201,29,5041,0,345,28383,0,1784,1451,271,109,47,,,1321,50
"Indonesia","ID","IDN","360","SEA",2018,217218,18051,616,71101,22418,3820,5192,661,2042,385,1555,636,2013,376,1543,106,2084,6822,115,743,83649,72,8940,,1237,83270,,2556,2145,333,165,87,,,1812,80
"Indonesia","ID","IDN","360","SEA",2019,243538,20103,1141,125741,23539,5840,5623,930,1566,574,1171,916,1557,572,1169,123,2731,8609,139,1172,136506,115,11348,0,1912,135905,0,,,,,,3369,362,1702,33
"Iran (Islamic Republic of)","IR","IRN","364","EMR",2017,4456,516,0,3035,382,7,15,2611,330,71,57,13,39,6,24,4,17,1,179,2077,1139,0,22,0,46,3062,287,20,18,2,2,2,,,12,2
"Iran (Islamic Republic of)","IR","IRN","364","EMR",2018,4598,479,0,2805,376,17,19,2748,344,43,26,17,19,12,9,3,32,1,52,2830,263,3,33,0,276,2850,19,20,20,0,0,0,,,11,0
"Iran (Islamic Republic of)","IR","IRN","364","EMR",2019,5065,459,0,3185,162,16,17,3146,151,39,31,16,17,8,7,6,27,0,70,2934,310,1,32,0,290,3024,0,,,,,,13,0,8,0
"Iraq","IQ","IRQ","368","EMR",2017,2426,301,0,2411,301,10,90,64,301,10,164,24,134,5,95,,,,,,,,,,,,,100,80,1,19,0,,,75,5
"Iraq","IQ","IRQ","368","EMR",2018,2043,244,0,2043,244,31,44,101,76,16,46,11,37,11,37,,,,,,,,,,,,,75,45,0,30,0,,,45,0
"Iraq","IQ","IRQ","368","EMR",2019,1935,250,0,1339,122,20,86,20,122,20,84,20,86,20,84,106,0,0,1354,1,0,6,100,0,0,1355,0,,,,,,106,1,104,1
"Ireland","IE","IRL","372","EUR",2017,103,7,62,96,7,2,0,95,7,4,0,2,0,2,0,1,0,1,7,40,54,0,2,0,0,101,0,2,2,0,0,0,,,2,0
"Ireland","IE","IRL","372","EUR",2018,108,10,69,96,8,4,1,95,7,5,0,4,0,3,0,1,1,3,8,54,37,0,5,0,0,99,0,4,3,0,1,0,,,3,0
"Ireland","IE","IRL","372","EUR",2019,103,11,51,93,9,1,1,91,9,5,1,1,1,1,1,0,2,0,8,48,44,0,2,0,1,99,0,,,,,,2,0,2,0
"Israel","IL","ISR","376","EUR",2017,129,2,0,129,2,7,1,129,2,16,1,7,1,7,1,0,8,0,6,117,0,0,8,0,8,115,0,8,3,1,5,1,,,8,1
"Israel","IL","ISR","376","EUR",2018,154,6,0,154,6,15,0,154,6,23,0,15,0,13,0,3,12,0,6,139,0,0,15,0,6,139,0,15,15,3,4,7,,,13,7
"Israel","IL","ISR","376","EUR",2019,111,0,0,105,0,9,0,105,0,14,0,9,0,9,0,2,7,0,3,93,0,0,9,0,1,95,0,,,,,,9,1,9,0
"Italy","IT","ITA","380","EUR",2017,1644,71,516,1905,75,60,13,1905,75,147,17,60,13,45,11,6,34,33,61,639,1207,0,71,2,13,1803,91,46,28,11,12,5,,,45,5
"Italy","IT","ITA","380","EUR",2018,1682,85,453,1744,67,37,12,1744,67,123,11,37,12,32,10,4,13,32,49,419,1294,0,49,0,17,1722,23,39,17,14,12,4,,,37,4
"Italy","IT","ITA","380","EUR",2019,1758,107,269,1706,31,41,4,1706,31,141,6,41,4,34,4,3,14,28,50,426,1216,8,37,0,21,1516,155,,,,,,34,12,31,2
"Jamaica","JM","JAM","388","AMR",2017,69,1,0,16,1,0,0,0,0,0,0,0,0,0,0,0,0,0,4,12,1,0,0,0,0,17,0,0,0,0,0,0,,,0,0
"Jamaica","JM","JAM","388","AMR",2018,45,1,1,45,2,0,0,0,0,0,0,0,0,0,0,0,0,0,4,25,18,0,0,0,1,46,0,0,0,0,0,0,,,0,0
"Jamaica","JM","JAM","388","AMR",2019,49,0,0,49,0,0,0,0,0,0,0,0,0,0,0,0,0,0,4,26,19,0,0,0,1,48,0,,,,,,0,0,0,0
"Japan","JP","JPN","392","WPR",2017,10524,551,152,7533,362,66,15,7529,362,347,36,65,15,43,9,0,7,74,13,761,7040,0,81,0,9,7805,0,,,,,,,,,
"Japan","JP","JPN","392","WPR",2018,9770,484,132,7249,323,72,16,7247,323,336,41,71,16,44,11,0,8,80,19,729,6736,0,88,0,10,7474,0,,,,,,,,,
"Japan","JP","JPN","392","WPR",2019,9025,454,134,6295,287,52,14,6288,286,319,36,52,13,35,9,0,3,63,15,535,5966,0,66,0,5,6511,0,,,,,,,,,
"Jordan","JO","JOR","400","EMR",2017,173,8,0,83,2,0,0,83,2,0,0,0,0,0,0,0,0,0,0,85,0,0,0,0,0,85,0,,,,,,,,,
"Jordan","JO","JOR","400","EMR",2018,128,10,0,94,4,1,0,94,4,1,0,1,0,1,0,0,1,0,3,94,0,0,1,0,33,64,0,1,1,0,0,0,,,1,0
"Jordan","JO","JOR","400","EMR",2019,76,12,0,76,8,2,0,76,8,2,0,2,0,2,0,0,2,0,0,82,0,0,2,0,2,80,0,,,,,,2,0,2,0
"Kazakhstan","KZ","KAZ","398","EUR",2017,6881,3101,0,3831,2580,1406,1557,2161,2041,1110,1273,711,1006,710,953,214,2734,15,203,3230,15,,,,,,,2187,1157,278,1051,299,,,,
"Kazakhstan","KZ","KAZ","398","EUR",2018,6719,4055,0,6298,3636,1706,2337,2717,2689,1689,2254,1463,1462,435,1027,,,,,,,,,,,,,3577,2726,349,838,336,,,,
"Kazakhstan","KZ","KAZ","398","EUR",2019,5789,3520,0,5687,3250,1534,1446,3712,2815,1524,2013,1318,1302,756,813,,,,,,,,,,,,,,,,,,2460,635,,
"Kenya","KE","KEN","404","AFR",2017,44365,3506,0,28316,2933,193,129,176,125,110,81,176,125,110,81,138,179,5,8944,21983,0,15,307,0,850,30077,0,198,190,8,1,1,,,,
"Kenya","KE","KEN","404","AFR",2018,44072,4131,18,28284,3246,186,126,154,257,84,190,64,48,29,42,129,179,4,8220,22657,341,7,305,0,958,30260,0,87,85,0,2,0,,,71,0
"Kenya","KE","KEN","404","AFR",2019,43558,4238,7,33149,3647,209,169,296,371,60,133,206,172,22,67,152,224,2,8830,26931,657,12,366,0,991,35427,0,,,,,,151,6,47,1
"Kiribati","KI","KIR","296","WPR",2017,182,9,0,1,2,1,2,0,0,0,0,0,0,0,0,0,3,0,0,0,0,0,3,0,0,0,0,0,0,0,0,0,,,0,0
"Kiribati","KI","KIR","296","WPR",2018,158,4,0,158,4,3,1,0,0,0,0,0,0,0,0,4,0,0,158,0,0,0,4,0,0,158,0,4,4,0,0,0,,,0,0
"Kiribati","KI","KIR","296","WPR",2019,188,9,0,188,9,1,2,1,2,0,0,1,2,,,0,3,0,0,26,168,0,3,0,3,191,0,,,,,,3,0,3,0
"Kuwait","KW","KWT","414","EMR",2017,373,0,0,373,0,6,0,373,0,7,0,6,0,4,0,0,6,0,5,362,0,0,6,0,0,367,0,6,6,0,0,0,,,4,0
"Kuwait","KW","KWT","414","EMR",2018,333,0,0,333,0,5,0,333,0,5,0,3,0,2,0,0,5,0,1,327,0,0,5,0,12,316,0,5,5,0,0,0,,,2,0
"Kuwait","KW","KWT","414","EMR",2019,333,0,0,333,0,4,0,333,0,7,0,4,0,3,0,0,4,0,0,329,0,0,4,0,3,326,0,,,,,,4,0,0,0
"Kyrgyzstan","KG","KGZ","417","EUR",2017,2632,1217,0,2282,1094,584,666,1749,867,798,664,428,616,392,435,,,,,,,,,,,,,659,353,220,213,127,,,353,127
"Kyrgyzstan","KG","KGZ","417","EUR",2018,2550,1325,0,2291,1244,663,850,1722,1025,908,848,663,850,523,718,66,1447,0,169,1853,0,48,1465,0,270,1752,0,666,541,117,122,114,,,926,119
"Kyrgyzstan","KG","KGZ","417","EUR",2019,2549,1060,0,2375,1003,700,603,2333,977,1000,618,700,603,589,508,50,1253,0,0,2075,0,0,1303,0,0,2075,0,,,,,,909,97,887,93
"Lao People's Democratic Republic","LA","LAO","418","WPR",2017,3763,134,0,2236,53,18,16,,,,,,,,,,,,,,,,,,,,,31,30,0,1,0,,,,
"Lao People's Democratic Republic","LA","LAO","418","WPR",2018,3849,142,0,1952,139,24,28,10,15,9,10,9,10,9,10,4,48,0,0,0,2039,0,52,0,11,2028,0,25,23,2,0,0,,,19,2
"Lao People's Democratic Republic","LA","LAO","418","WPR",2019,3843,152,0,3243,138,33,18,,,,,,,,,,,,,,,,,,,,,,,,,,39,0,39,0
"Latvia","LV","LVA","428","EUR",2017,390,62,0,364,59,29,18,364,59,92,27,29,18,28,17,5,40,2,34,291,51,0,47,0,0,376,0,47,14,18,32,17,,,45,17
"Latvia","LV","LVA","428","EUR",2018,,,,,,,,,,,,,,,,,,,,,,,,,,,,,,,,,,,,
"Latvia","LV","LVA","428","EUR",2019,,,,,,,,,,,,,,,,,,,,,,,,,,,,,,,,,,,,
"Lebanon","LB","LBN","422","EMR",2017,318,5,3,286,5,5,1,107,5,10,1,5,1,5,1,0,5,1,2,283,0,0,6,0,11,274,0,5,3,2,2,2,,,5,2
"Lebanon","LB","LBN","422","EMR",2018,323,12,0,303,12,3,1,17,7,3,2,3,1,3,1,0,4,0,3,291,17,0,4,0,5,306,0,4,3,1,1,1,,,4,1
"Lebanon","LB","LBN","422","EMR",2019,436,4,1,405,5,9,0,27,3,7,1,9,0,7,0,0,7,2,3,325,73,0,9,0,9,392,0,,,,,,8,1,7,1
"Lesotho","LS","LSO","426","AFR",2017,3128,602,0,,,,,,,,,,,,,,,,,,,,,,,,,,,,,,,,,
"Lesotho","LS","LSO","426","AFR",2018,3595,728,0,2509,475,169,22,,,51,5,51,5,51,5,,,,,,,,,,,,,191,186,3,2,0,,,5,0
"Lesotho","LS","LSO","426","AFR",2019,3950,748,0,3431,602,179,40,,,,,90,21,33,7,,,,,,,,,,,,,,,,,,21,4,21,0
"Liberia","LR","LBR","430","AFR",2017,3232,150,0,1338,59,88,,,,,,,,,,,,,,,,,,,,,,,,,,,,,,
"Liberia","LR","LBR","430","AFR",2018,3084,33,27,696,17,,,,,,,,,,,,,,,,,,,,,,,,,,,,,,,
"Liberia","LR","LBR","430","AFR",2019,3505,23,8,1482,23,91,0,,,,,,,,,13,78,0,19,1391,4,,,,,,,,,,,,91,0,91,0
"Libya","LY","LBY","434","EMR",2017,,,,,,,,,,,,,,,,,,,,,,,,,,,,,,,,,,,,
"Libya","LY","LBY","434","EMR",2018,,,,,,,,,,,,,,,,,,,,,,,,,,,,,,,,,,,,
"Libya","LY","LBY","434","EMR",2019,783,48,0,332,,16,,,,,,,,,,,,,,,,0,16,0,30,270,16,,,,,,0,0,0,0
"Lithuania","LT","LTU","440","EUR",2017,855,268,0,855,268,118,145,855,268,207,160,118,145,110,138,15,240,8,24,705,131,0,263,0,3,857,0,262,112,109,128,87,,,248,87
"Lithuania","LT","LTU","440","EUR",2018,751,218,0,751,218,96,92,751,218,161,95,96,92,88,82,10,162,16,18,665,98,0,188,0,0,781,0,188,80,76,90,58,,,170,58
"Lithuania","LT","LTU","440","EUR",2019,725,180,0,725,180,100,70,725,180,162,84,100,70,90,67,6,164,0,16,714,5,1,169,0,2,733,0,,,,,,159,76,157,57
"Luxembourg","LU","LUX","442","EUR",2017,0,0,21,0,0,0,0,0,0,0,0,0,0,0,0,0,0,0,0,0,0,0,0,0,0,0,0,,,,,,,,,
"Luxembourg","LU","LUX","442","EUR",2018,0,0,29,0,0,0,0,0,0,0,0,0,0,0,0,0,0,0,0,0,0,0,0,0,0,0,0,,,,,,,,,
"Luxembourg","LU","LUX","442","EUR",2019,21,0,12,16,0,0,0,16,0,2,0,0,0,0,0,0,0,0,0,12,4,0,0,0,0,16,0,,,,,,0,0,0,0
"Madagascar","MG","MDG","450","AFR",2017,20312,1874,0,0,612,,30,,612,,85,,30,,24,,30,,,582,,,30,,,582,,17,17,0,0,0,,,17,0
"Madagascar","MG","MDG","450","AFR",2018,21502,1824,0,0,913,0,22,0,135,0,42,0,22,0,14,2,20,0,0,0,891,0,22,0,0,0,891,9,9,0,0,0,,,9,0
"Madagascar","MG","MDG","450","AFR",2019,24099,1605,0,8,70,8,70,5,32,0,16,0,30,0,15,0,8,70,0,0,0,1,77,0,0,0,0,,,,,,32,0,15,0
"Malawi","MW","MWI","454","AFR",2017,6360,790,4,29,298,1,1,29,298,1,8,1,1,1,1,,,,,,,,,,,,,,,,,,,,,
"Malawi","MW","MWI","454","AFR",2018,5760,804,1,,,,,,,,,,,,,,,,,,,,,,,,,,,,,,,,,
"Malawi","MW","MWI","454","AFR",2019,6154,792,3,2729,313,60,15,,,,,,,,,,,,,,,,,,,,,,,,,,,,,
"Malaysia","MY","MYS","458","WPR",2017,14912,1480,0,11360,976,109,146,11314,976,236,109,108,143,26,81,11,96,148,8,613,11460,9,226,20,105,8577,3399,65,59,4,3,1,,,65,1
"Malaysia","MY","MYS","458","WPR",2018,14748,831,0,11480,650,103,37,11441,648,249,35,108,37,68,4,13,72,55,461,8045,3484,3,124,13,143,11148,699,103,94,6,4,1,,,62,1
"Malaysia","MY","MYS","458","WPR",2019,15001,957,0,12019,587,142,27,11961,585,246,42,150,38,68,4,12,91,66,356,7487,4594,1,153,15,145,10997,1295,,,,,,155,9,72,3
"Maldives","MV","MDV","462","SEA",2017,97,1,0,58,0,1,,1,,1,,1,,1,,0,1,0,0,57,0,0,1,0,0,57,0,1,1,0,0,0,,,0,0
"Maldives","MV","MDV","462","SEA",2018,105,0,0,62,0,2,0,2,0,2,0,2,0,2,0,0,2,0,0,60,0,0,2,0,0,60,0,2,2,0,0,0,,,0,0
"Maldives","MV","MDV","462","SEA",2019,112,0,0,108,0,1,0,1,0,1,0,1,0,1,0,0,1,0,0,107,0,0,1,0,0,107,0,,,,,,1,1,0,0
"Mali","ML","MLI","466","AFR",2017,4200,437,0,308,331,1,33,0,8,0,5,0,8,0,5,1,33,0,0,195,410,0,34,0,204,401,0,10,8,2,0,0,,,2,0
"Mali","ML","MLI","466","AFR",2018,4463,431,0,103,59,3,27,,,,,,,,,6,24,0,41,91,0,,,,,,,,,,,,,,,
"Mali","ML","MLI","466","AFR",2019,4571,438,3,12,37,11,35,4,16,4,10,4,15,4,9,9,37,0,0,3,0,2,44,0,0,3,0,,,,,,20,2,13,2
"Malta","MT","MLT","470","EUR",2017,25,0,0,23,0,0,0,23,0,2,0,0,0,0,0,0,0,0,0,20,3,0,0,0,0,23,0,,,,,,,,,
"Malta","MT","MLT","470","EUR",2018,27,0,2,27,0,0,0,27,0,1,0,0,0,0,0,,,,,,,0,0,0,0,27,0,,,,,,,,,
"Malta","MT","MLT","470","EUR",2019,45,0,0,37,0,0,0,37,0,2,0,0,0,0,0,,,,,,,0,0,0,1,36,0,,,,,,0,0,0,0
"Marshall Islands","MH","MHL","584","WPR",2017,67,4,0,67,4,0,0,67,4,0,0,0,0,0,0,0,0,0,0,71,0,0,0,0,4,67,0,0,0,0,0,0,,,0,0
"Marshall Islands","MH","MHL","584","WPR",2018,65,3,0,65,3,1,1,48,2,1,0,1,1,1,0,2,0,0,66,0,0,,2,0,3,63,0,0,0,0,0,0,,,0,0
"Marshall Islands","MH","MHL","584","WPR",2019,33,3,0,30,0,0,0,0,0,0,0,0,0,0,0,0,0,0,1,29,0,0,0,0,1,29,0,,,,,,0,0,0,0
"Mauritania","MR","MRT","478","AFR",2017,1292,102,0,3,41,3,17,3,17,0,0,0,0,0,0,0,20,,0,,24,0,20,0,0,0,24,0,0,0,0,0,,,0,0
"Mauritania","MR","MRT","478","AFR",2018,1187,51,0,6,47,6,19,1,3,1,3,1,3,1,3,1,22,2,0,28,0,0,25,0,0,28,0,4,2,2,0,0,,,4,0
"Mauritania","MR","MRT","478","AFR",2019,1230,59,0,0,59,0,22,0,0,0,0,0,0,0,0,1,21,0,0,0,37,0,22,0,0,0,37,,,,,,0,0,0,0
"Mauritius","MU","MUS","480","AFR",2017,105,5,,105,5,2,0,105,5,2,0,2,0,1,0,0,2,0,21,87,0,0,2,0,1,107,0,2,2,0,0,0,,,1,0
"Mauritius","MU","MUS","480","AFR",2018,118,5,,118,3,1,2,118,3,6,0,1,2,1,0,3,0,0,25,93,0,0,3,0,2,116,0,3,3,0,0,0,,,1,0
"Mauritius","MU","MUS","480","AFR",2019,110,11,0,110,11,1,0,110,11,0,0,1,0,0,0,0,1,0,31,89,0,0,1,0,2,118,0,,,,,,1,0,0,0
"Mexico","MX","MEX","484","AMR",2017,14055,1327,0,53,212,20,72,35,158,14,132,33,125,12,115,14,78,0,3,170,0,1,91,0,1,172,0,92,84,8,2,2,,,107,2
"Mexico","MX","MEX","484","AMR",2018,14486,1691,0,80,191,33,66,56,144,36,119,23,96,20,84,10,89,0,3,169,0,1,98,0,2,170,0,61,55,5,2,1,,,41,0
"Mexico","MX","MEX","484","AMR",2019,14450,1477,254,418,232,219,162,406,230,121,76,132,87,88,74,30,351,0,13,256,0,6,375,0,1,268,0,,,,,,143,10,130,3
"Micronesia (Federated States of)","FM","FSM","583","WPR",2017,32,0,0,45,0,1,0,0,0,0,0,0,0,0,0,0,1,0,0,44,0,0,1,0,6,38,0,0,0,0,0,0,,,0,0
"Micronesia (Federated States of)","FM","FSM","583","WPR",2018,28,0,0,24,0,0,0,24,0,1,0,0,0,0,0,0,0,0,0,24,0,0,0,0,3,21,0,0,0,0,0,0,,,0,0
"Micronesia (Federated States of)","FM","FSM","583","WPR",2019,27,0,0,27,0,0,0,27,0,1,0,0,0,0,0,0,0,0,0,27,0,0,0,0,0,27,0,,,,,,0,0,0,0
"Monaco","MC","MCO","492","EUR",2017,,,,,,,,,,,,,,,,,,,,,,,,,,,,,,,,,,,,
"Monaco","MC","MCO","492","EUR",2018,,,,,,,,,,,,,,,,,,,,,,,,,,,,,,,,,,,,
"Monaco","MC","MCO","492","EUR",2019,,,,,,,,,,,,,,,,,,,,,,,,,,,,,,,,,,,,
"Mongolia","MN","MNG","496","WPR",2017,1599,418,0,971,418,77,46,271,207,51,28,6,9,5,8,1,122,0,6,1260,0,2,121,0,36,1230,0,39,36,3,1,1,,,6,2
"Mongolia","MN","MNG","496","WPR",2018,1542,382,0,1242,279,54,39,966,143,169,50,38,32,38,32,0,93,0,3,1425,0,1,92,0,19,1409,0,30,24,3,5,2,,,16,1
"Mongolia","MN","MNG","496","WPR",2019,1804,496,0,1491,375,104,37,501,130,112,46,35,21,30,18,,141,,,1725,0,1,140,,5,1720,,,,,,,60,5,37,2
"Montenegro","ME","MNE","499","EUR",2017,49,9,0,49,9,0,1,46,7,1,1,0,1,0,1,0,1,0,0,46,11,0,1,0,0,57,0,1,0,1,1,1,,,1,1
"Montenegro","ME","MNE","499","EUR",2018,61,3,0,60,3,0,1,57,3,0,1,0,1,0,1,0,1,0,0,42,20,0,1,0,2,60,0,1,1,0,0,0,,,1,0
"Montenegro","ME","MNE","499","EUR",2019,62,9,0,62,8,0,0,53,8,0,0,0,0,0,0,,,,,,,0,0,0,1,69,0,,,,,,0,0,0,0
"Montserrat","MS","MSR","500","AMR",2017,,,,,,,,,,,,,,,,,,,,,,,,,,,,,,,,,,,,
"Montserrat","MS","MSR","500","AMR",2018,0,0,0,,,,,,,,,,,,,,,,,,,,,,,,,0,0,0,0,0,,,0,0
"Montserrat","MS","MSR","500","AMR",2019,0,0,0,0,0,0,0,0,0,0,0,0,0,0,0,,,,,,,,,,,,,,,,,,0,0,0,0
"Morocco","MA","MAR","504","EMR",2017,12510,1683,0,906,1101,4,213,4,213,4,192,4,213,4,192,,,,,,,,,,,,,160,105,62,9,16,,,168,16
"Morocco","MA","MAR","504","EMR",2018,12681,1775,9,1114,1750,108,178,78,92,73,79,73,79,73,79,3,115,168,274,,2304,3,283,0,,,2578,128,85,27,22,6,,,51,4
"Morocco","MA","MAR","504","EMR",2019,12913,975,6,1450,975,34,201,23,105,20,99,20,83,19,77,4,64,167,0,0,2190,0,235,0,0,0,2190,,,,,,144,29,37,2
"Mozambique","MZ","MOZ","508","AFR",2017,29292,2727,34,,,,,299,484,103,231,110,247,84,210,,,,,,,,,,,,,209,156,47,25,19,,,177,18
"Mozambique","MZ","MOZ","508","AFR",2018,31385,2392,41,13909,1577,926,232,417,1233,110,405,121,424,91,336,,,,,,,,,,,,,483,386,89,40,32,,,367,32
"Mozambique","MZ","MOZ","508","AFR",2019,32224,1965,30,17227,1961,1013,253,342,713,128,288,120,284,99,218,,,,,,,33,1233,,6,17916,,,,,,,370,65,293,12
"Myanmar","MM","MMR","104","SEA",2017,42489,7118,2,34835,6406,1711,1486,161,245,43,107,33,67,33,25,294,1987,916,3400,22167,12477,,,,,,,198,187,29,5,23,,,58,23
"Myanmar","MM","MMR","104","SEA",2018,48832,7781,136,45169,6557,2194,1285,278,417,105,157,84,128,65,100,350,1721,1408,4426,40152,3669,27,3433,19,912,44858,2477,927,815,126,13,27,,,165,27
"Myanmar","MM","MMR","104","SEA",2019,50601,7256,115,38513,6051,2088,1117,441,204,126,56,71,23,62,20,367,2801,37,2618,38168,573,36,3169,0,321,41038,0,,,,,,1908,203,82,27
"Namibia","NA","NAM","516","AFR",2017,4807,1278,3,,,251,158,158,119,138,103,155,114,135,98,180,225,4,,,,20,389,0,,,,80,59,17,18,14,,,64,14
"Namibia","NA","NAM","516","AFR",2018,4324,1180,0,3803,863,219,104,117,71,98,65,98,63,96,63,134,183,6,1249,2511,583,20,303,0,156,3607,580,200,167,24,28,19,,,124,19
"Namibia","NA","NAM","516","AFR",2019,3988,1042,0,2582,631,165,112,,,,,,,36,36,115,160,2,882,2014,40,12,265,0,117,2819,0,,,,,,82,8,42,4
"Nauru","NR","NRU","520","WPR",2017,6,0,0,0,0,0,0,0,0,0,0,0,0,0,0,0,0,0,0,0,0,0,0,0,0,0,0,0,0,0,0,0,,,0,0
"Nauru","NR","NRU","520","WPR",2018,5,0,0,0,0,0,0,0,0,0,0,0,0,0,0,0,0,0,0,0,0,0,0,0,0,0,0,0,0,0,0,0,,,0,0
"Nauru","NR","NRU","520","WPR",2019,15,0,0,0,0,0,0,0,0,0,0,0,0,0,0,0,0,0,0,0,0,0,0,0,0,0,0,,,,,,0,0,0,0
"Nepal","NP","NPL","524","SEA",2017,14748,85,39,192,310,23,60,187,280,30,72,23,60,22,55,1,30,52,0,0,419,3,69,11,6,238,175,,,,10,13,,,77,13
"Nepal","NP","NPL","524","SEA",2018,15734,2668,36,7821,1482,382,181,135,154,16,38,9,22,9,20,0,16,547,0,0,8740,0,29,534,4,254,8482,412,225,183,33,29,,,29,3
"Nepal","NP","NPL","524","SEA",2019,16105,2355,30,12853,1993,443,192,148,234,18,37,10,19,10,19,0,10,625,0,0,14211,1,28,606,4,348,13859,,,,,,417,152,29,14
"Netherlands","NL","NLD","528","EUR",2017,357,16,0,354,16,6,1,354,16,30,1,6,1,5,1,0,4,3,10,241,112,0,7,0,8,355,0,6,5,0,1,0,,,5,0
"Netherlands","NL","NLD","528","EUR",2018,375,20,2,326,15,3,0,326,15,22,1,3,0,3,0,1,0,2,8,236,94,0,3,0,1,337,0,3,1,1,2,1,,,3,1
"Netherlands","NL","NLD","528","EUR",2019,355,15,1,287,13,7,0,286,13,14,0,7,0,6,0,1,3,3,9,228,56,0,7,0,5,288,0,,,,,,7,2,6,1
"New Caledonia","NC","NCL","540","WPR",2017,25,,,25,,1,,25,,2,,1,,1,,,,1,,,24,0,1,,0,24,,,,,,,,,,
"New Caledonia","NC","NCL","540","WPR",2018,23,1,0,23,1,0,0,23,1,1,0,0,0,0,0,,,,,,,0,0,0,0,24,0,,,,,,,,,
"New Caledonia","NC","NCL","540","WPR",2019,16,,,16,,0,,16,,1,,0,,0,,,,,,,,,,,,,,,,,,,,,,
"New Zealand","NZ","NZL","554","WPR",2017,167,4,0,,,,,,,,,,,,,,,,,,,,,,,,,,,,,,,,,
"New Zealand","NZ","NZL","554","WPR",2018,163,7,0,,,,,,,,,,,,,,,,,,,,,,,,,,,,,,,,,
"New Zealand","NZ","NZL","554","WPR",2019,177,3,0,,,,,,,,,,,,,,,,,,,,,,,,,,,,,,,,,
"Nicaragua","NI","NIC","558","AMR",2017,1591,158,0,396,113,24,13,0,0,0,0,0,0,0,0,1,36,0,30,442,0,0,37,0,0,472,0,0,0,0,0,0,,,0,0
"Nicaragua","NI","NIC","558","AMR",2018,1482,167,0,1021,91,23,15,0,0,0,0,0,0,0,0,4,34,0,25,1049,0,0,38,0,40,1034,0,0,0,0,0,0,,,0,0
"Nicaragua","NI","NIC","558","AMR",2019,1573,173,0,609,106,37,19,0,0,0,0,0,0,0,0,7,49,0,15,644,0,0,56,0,33,626,0,,,,,,0,0,0,0
"Niger","NE","NER","562","AFR",2017,7961,528,,141,538,5,74,5,74,4,54,5,74,4,54,4,69,6,1,,599,0,79,,1,,599,,,,,,,,,
"Niger","NE","NER","562","AFR",2018,8230,464,,205,436,1,71,1,64,1,40,1,64,1,40,4,68,,9,62,498,,65,7,3,548,18,65,61,4,0,0,,,5,0
"Niger","NE","NER","562","AFR",2019,8812,572,,113,529,9,70,3,62,2,33,3,62,2,33,3,62,14,9,419,135,2,77,0,13,507,43,,,,,,65,4,6,0
"Nigeria","NG","NGA","566","AFR",2017,73556,3882,104,819,967,819,967,,,,,,,,,288,1443,55,,,,,,,,,,691,482,,,14,,,57,14
"Nigeria","NG","NGA","566","AFR",2018,73942,4308,138,48309,3783,2164,,2164,,353,,2164,,353,,425,1440,299,5991,42439,1498,74,2090,0,3994,45934,0,1255,963,192,131,31,,,,
"Nigeria","NG","NGA","566","AFR",2019,81615,4758,102,64505,4758,2181,,2181,,131,,2050,,131,,493,1514,174,10932,40394,15756,68,2113,,4988,62094,,,,,,,2181,68,131,16
"Niue","NU","NIU","570","WPR",2017,1,0,0,0,0,0,0,0,0,0,0,0,0,0,0,,,,,,,,,,,,,,,,,,,,,
"Niue","NU","NIU","570","WPR",2018,0,0,0,0,0,0,0,0,0,0,0,0,0,0,0,,,0,,,0,,,0,,,0,0,0,0,0,0,,,0,0
"Niue","NU","NIU","570","WPR",2019,0,0,0,0,0,0,0,0,0,0,0,0,0,0,0,0,0,0,0,0,0,0,0,0,0,0,0,,,,,,0,0,0,0
"North Macedonia","MK","MKD","807","EUR",2017,136,19,0,136,19,0,0,136,19,5,2,0,1,0,1,0,0,0,0,155,0,0,0,0,0,155,0,0,0,0,0,0,,,0,0
"North Macedonia","MK","MKD","807","EUR",2018,135,11,0,128,11,0,0,128,9,2,2,2,0,2,0,0,0,0,3,136,0,0,0,0,0,139,0,0,0,0,0,0,,,0,0
"North Macedonia","MK","MKD","807","EUR",2019,126,14,0,126,14,1,0,106,14,0,1,1,1,0,1,0,1,0,0,139,0,0,1,0,0,139,0,,,,,,0,0,0,0
"Northern Mariana Islands","MP","MNP","580","WPR",2017,24,0,0,22,0,0,0,22,0,4,0,0,0,0,0,0,0,0,0,22,0,0,0,0,2,20,0,0,0,0,0,0,,,0,0
"Northern Mariana Islands","MP","MNP","580","WPR",2018,15,0,0,15,0,1,0,15,0,2,0,1,0,1,0,0,1,0,0,14,0,0,1,0,1,13,0,1,1,0,0,0,,,1,0
"Northern Mariana Islands","MP","MNP","580","WPR",2019,24,0,0,24,0,0,0,24,0,3,0,0,0,0,0,0,0,0,24,0,0,0,0,0,0,24,0,,,,,,0,0,0,0
"Norway","NO","NOR","578","EUR",2017,134,9,3,134,9,6,0,131,7,13,1,6,0,6,0,0,4,2,3,120,14,0,6,0,5,132,0,6,5,1,0,0,,,6,0
"Norway","NO","NOR","578","EUR",2018,104,12,0,100,11,6,0,100,8,10,0,6,0,4,0,0,6,0,5,87,13,0,6,0,2,103,0,6,5,1,0,0,,,4,0
"Norway","NO","NOR","578","EUR",2019,92,9,0,82,7,1,1,81,6,5,1,1,1,1,1,1,1,0,2,66,19,0,2,0,2,85,0,,,,,,1,0,1,0
"occupied Palestinian territory, including east Jerusalem","PS","PSE","275","EMR",2017,,,,,,,,,,,,,,,,,,,,,,,,,,,,,,,,,,,,
"occupied Palestinian territory, including east Jerusalem","PS","PSE","275","EMR",2018,18,0,0,0,0,0,0,0,0,0,0,0,0,0,0,0,0,0,0,0,0,0,0,0,0,0,0,0,0,0,0,0,,,0,0
"occupied Palestinian territory, including east Jerusalem","PS","PSE","275","EMR",2019,10,3,0,0,0,0,0,0,0,0,0,0,0,0,0,0,0,0,0,0,0,0,0,0,0,0,0,,,,,,0,0,0,0
"Oman","OM","OMN","512","EMR",2017,189,4,0,189,4,0,0,189,4,0,0,0,0,0,0,0,0,0,3,190,0,0,0,0,3,190,0,0,0,0,0,0,,,0,0
"Oman","OM","OMN","512","EMR",2018,174,2,0,174,2,5,0,159,1,15,1,5,0,4,0,1,4,0,5,166,0,0,5,0,0,171,0,5,5,0,0,0,,,0,0
"Oman","OM","OMN","512","EMR",2019,299,3,0,299,3,5,0,299,3,24,0,5,0,4,0,1,4,0,9,284,4,0,5,0,0,297,0,,,,,,5,5,4,0
"Pakistan","PK","PAK","586","EMR",2017,128806,15241,116,36136,11152,1761,1167,1942,4158,676,2408,606,2269,535,2102,17,2749,162,53,229,44078,60,2868,0,196,2989,41175,2823,1617,1185,149,128,,,2600,123
"Pakistan","PK","PAK","586","EMR",2018,128001,15925,195,57791,12568,2495,1164,3312,2260,1204,1586,1143,1646,1004,1483,20,3063,576,56,280,66364,148,2710,801,136,3282,63282,2826,1675,1117,128,94,,,2461,86
"Pakistan","PK","PAK","586","EMR",2019,122337,13423,149,71841,11982,2946,874,3782,2275,1331,1332,1210,1371,1087,1176,6,516,3298,77,204,79722,110,2753,957,97,3357,76549,,,,,,2512,900,2226,58
"Palau","PW","PLW","585","WPR",2017,19,0,0,19,0,0,0,19,0,0,0,0,0,0,0,0,0,0,0,19,0,0,0,0,2,17,0,0,0,0,0,0,,,0,0
"Palau","PW","PLW","585","WPR",2018,12,0,0,12,0,1,0,12,0,0,0,1,0,0,0,0,1,0,0,11,0,0,1,0,1,10,0,0,0,0,0,0,,,0,0
"Palau","PW","PLW","585","WPR",2019,6,0,0,6,0,0,0,6,0,0,0,0,0,0,0,0,0,0,0,6,0,0,0,0,0,6,0,,,,,,0,0,0,0
"Panama","PA","PAN","591","AMR",2017,946,89,0,322,44,27,12,322,44,17,5,14,9,7,5,15,20,4,3,8,316,0,37,2,0,14,313,34,31,2,1,0,,,12,0
"Panama","PA","PAN","591","AMR",2018,983,114,,583,54,40,8,583,54,11,5,40,8,8,4,10,15,23,101,271,217,0,45,3,10,407,172,48,39,6,4,1,,,12,1
"Panama","PA","PAN","591","AMR",2019,555,88,,526,70,22,8,526,70,12,8,22,8,5,2,4,16,10,88,363,115,0,28,2,0,560,6,,,,,,29,8,7,2
"Papua New Guinea","PG","PNG","598","WPR",2017,3784,362,0,0,0,0,0,0,0,0,0,0,0,0,0,0,0,0,0,0,0,0,0,0,0,0,0,,,,,,,,,
"Papua New Guinea","PG","PNG","598","WPR",2018,4387,543,18,,,,,,,,,,,,,,,,,,,39,346,48,,,,250,237,10,11,8,,,250,8
"Papua New Guinea","PG","PNG","598","WPR",2019,5594,738,10,,,,,,,,,,,,,,,,,,,,,,,,,,,,,,438,8,438,11
"Paraguay","PY","PRY","600","AMR",2017,1641,337,0,871,267,4,5,699,194,5,6,3,1,0,1,1,8,0,62,979,88,1,8,0,19,1107,3,3,3,0,0,0,,,1,0
"Paraguay","PY","PRY","600","AMR",2018,1592,331,0,428,166,3,14,166,71,6,4,2,4,1,4,1,16,0,38,467,72,0,17,0,6,571,0,8,8,0,0,0,,,2,0
"Paraguay","PY","PRY","600","AMR",2019,1753,334,0,819,241,2,5,574,138,5,2,2,7,0,2,2,5,0,37,921,95,0,7,0,16,1037,0,,,,,,6,0,2,0
"Peru","PE","PER","604","AMR",2017,17868,2889,0,14261,2622,971,537,14215,2584,1602,1652,955,533,844,491,50,1076,382,478,13756,1141,27,1481,0,208,15167,0,905,658,141,188,82,,,849,82
"Peru","PE","PER","604","AMR",2018,17387,3075,0,12771,2356,1406,536,12713,2350,2039,630,1397,535,1198,481,119,1810,13,534,12456,195,32,1910,0,191,12994,0,852,632,128,187,95,,,758,91
"Peru","PE","PER","604","AMR",2019,17307,3317,24,13424,1999,1355,539,13105,1938,1859,597,1250,517,1020,444,119,1758,17,688,12706,135,49,1841,4,341,13167,21,,,,,,1308,214,1308,89
"Philippines","PH","PHL","608","WPR",2017,105165,20919,0,26602,18364,1319,5081,708,4984,52,393,73,495,37,350,111,4640,1649,407,12594,25565,21,6379,0,203,38363,0,1630,1351,65,229,15,,,259,4
"Philippines","PH","PHL","608","WPR",2018,116941,20973,,1027,5048,936,4899,71,409,45,288,56,392,32,274,136,4832,867,16,182,42,45,5790,0,11,229,0,1947,1660,105,220,38,,,130,2
"Philippines","PH","PHL","608","WPR",2019,121501,19442,,68866,17250,2608,4803,70,314,46,240,63,306,41,234,114,5239,2058,528,35103,43074,73,7338,0,1204,77501,0,,,,,,1536,131,50,5
"Poland","PL","POL","616","EUR",2017,3661,474,0,3317,389,37,15,3317,389,130,29,37,15,30,14,,,,,,,0,52,0,8,3646,0,35,20,10,10,5,,,35,5
"Poland","PL","POL","616","EUR",2018,3559,498,0,3196,443,37,18,3196,443,117,37,37,18,31,15,,,,,,,0,55,0,14,3570,0,41,20,18,15,12,,,41,12
"Poland","PL","POL","616","EUR",2019,3545,473,0,3173,401,32,12,3173,401,140,27,32,12,29,11,,,,,,,0,44,0,20,3510,0,,,,,,31,7,31,4
"Portugal","PT","PRT","620","EUR",2017,1057,87,0,601,51,9,1,601,51,37,4,9,1,9,1,2,7,1,42,519,81,0,10,0,3,639,0,7,5,1,1,0,,,7,0
"Portugal","PT","PRT","620","EUR",2018,1108,75,0,809,50,4,2,809,50,43,7,4,2,4,1,2,4,0,48,756,49,0,6,0,16,837,0,1,1,0,0,0,,,1,0
"Portugal","PT","PRT","620","EUR",2019,1020,84,0,465,39,5,4,465,39,32,5,5,4,3,2,0,8,1,32,412,51,0,9,0,6,489,0,,,,,,3,0,2,0
"Puerto Rico","PR","PRI","630","AMR",2017,30,1,0,29,1,0,0,0,0,0,0,0,0,0,0,0,0,0,8,21,1,0,0,0,0,30,0,0,0,0,0,0,,,0,0
"Puerto Rico","PR","PRI","630","AMR",2018,17,2,0,17,2,0,0,17,2,0,0,0,0,0,0,0,0,0,2,15,2,0,0,0,0,19,0,0,0,0,0,0,,,0,0
"Puerto Rico","PR","PRI","630","AMR",2019,31,0,0,30,0,3,0,30,0,9,0,3,0,3,0,0,3,0,2,23,2,0,3,0,0,27,0,,,,,,2,0,2,0
"Qatar","QA","QAT","634","EMR",2017,335,0,0,335,0,5,0,42,0,25,0,5,0,5,0,0,5,0,1,329,0,0,5,0,0,330,0,5,2,3,0,0,,,5,0
"Qatar","QA","QAT","634","EMR",2018,335,1,2,335,1,3,0,335,1,16,0,3,0,3,0,0,3,0,0,333,0,0,3,0,0,333,0,3,3,0,0,0,,,3,0
"Qatar","QA","QAT","634","EMR",2019,434,1,1,223,0,7,0,223,0,18,0,7,0,7,0,0,7,0,1,215,0,0,7,0,0,216,0,,,,,,7,7,7,0
"Republic of Korea","KR","KOR","410","WPR",2017,16685,5020,354,13558,3183,440,320,12739,2822,1124,470,428,300,320,246,,,,,,,0,760,0,27,15954,0,710,563,108,83,44,,,560,42
"Republic of Korea","KR","KOR","410","WPR",2018,16342,3807,370,13814,3122,443,286,12831,2650,1115,395,427,267,321,202,,,,,,,0,729,0,10,16197,0,667,555,86,49,23,,,523,23
"Republic of Korea","KR","KOR","410","WPR",2019,14923,3408,281,13072,2879,429,268,11887,2395,1060,375,404,251,297,186,,,,,,,4,693,0,18,15236,0,,,,,,631,95,478,20
"Republic of Moldova","MD","MDA","498","EUR",2017,1494,773,0,1444,509,399,280,1159,327,424,201,316,181,308,178,87,566,26,86,1152,36,1,678,0,3,1271,0,533,383,89,93,32,,,475,30
"Republic of Moldova","MD","MDA","498","EUR",2018,1446,751,0,1397,602,402,359,1264,519,419,342,346,323,309,316,103,637,21,77,1127,34,4,757,0,4,1234,0,658,385,157,196,80,,,616,74
"Republic of Moldova","MD","MDA","498","EUR",2019,1393,787,0,1342,345,441,118,1194,345,402,158,301,142,299,142,36,523,0,124,1004,0,3,556,0,9,1119,0,,,,,,559,121,441,49
"Romania","RO","ROU","642","EUR",2017,7060,2264,0,6102,1934,151,292,6048,1910,248,344,149,288,97,259,14,381,48,96,6486,1011,1,442,0,35,7558,0,163,77,55,77,46,,,142,43
"Romania","RO","ROU","642","EUR",2018,6682,2052,0,6062,1854,168,270,5942,1812,313,317,165,267,117,230,21,366,51,105,6431,942,0,438,0,38,7440,0,259,144,69,94,48,,,223,46
"Romania","RO","ROU","642","EUR",2019,6601,1965,0,5890,1702,156,218,5764,1678,303,260,155,215,113,189,11,321,42,81,6392,745,1,373,0,34,7184,0,,,,,,144,53,123,38
"Russian Federation","RU","RUS","643","EUR",2017,32978,26058,0,29081,24792,9312,16567,29081,24792,11275,17737,9312,16567,8206,14611,,,,,,,,,,,,,22528,,5672,7403,3562,,,20477,3562
"Russian Federation","RU","RUS","643","EUR",2018,31732,25455,,27960,24088,9654,17011,27960,24088,11754,18327,9654,17011,8880,15155,,,,,,,,,,,,,23919,,7737,9063,4970,,,23997,4970
"Russian Federation","RU","RUS","643","EUR",2019,29389,25362,0,26189,24287,9246,17199,26189,24287,11556,18286,9246,17199,8585,15858,,,,,,,,,,,,,,,,,,25331,9077,23646,5559
"Rwanda","RW","RWA","646","AFR",2017,3837,452,0,,,51,28,,,,,22,17,22,14,39,40,0,,,,0,79,0,,,,51,51,0,0,0,,,34,0
"Rwanda","RW","RWA","646","AFR",2018,3860,467,0,3441,442,74,23,,,,,,,21,7,37,60,0,,,3786,1,96,0,,,3786,61,60,1,0,0,,,28,0
"Rwanda","RW","RWA","646","AFR",2019,3767,413,0,3480,366,75,26,,,,,75,26,20,5,28,73,0,,,3745,3,98,0,,,3745,,,,,,88,0,23,0
"Saint Kitts and Nevis","KN","KNA","659","AMR",2017,1,0,,1,,0,,0,,,,,,,,,0,,,1,,,0,,,1,,,,,,,,,,
"Saint Kitts and Nevis","KN","KNA","659","AMR",2018,0,0,0,0,0,0,0,0,0,0,0,0,0,0,0,0,0,0,0,0,0,0,0,0,0,0,0,0,0,0,0,0,,,0,0
"Saint Kitts and Nevis","KN","KNA","659","AMR",2019,,,,,,,,,,,,,,,,,,,,,,,,,,,,,,,,,,,,
"Saint Lucia","LC","LCA","662","AMR",2017,11,0,0,9,0,0,0,0,0,0,0,0,0,0,0,0,0,0,0,9,0,0,0,0,0,9,0,0,0,0,0,0,,,0,0
"Saint Lucia","LC","LCA","662","AMR",2018,5,0,0,5,0,0,0,0,0,0,0,0,0,0,0,0,0,0,1,4,0,0,0,0,0,5,0,0,0,0,0,0,,,0,0
"Saint Lucia","LC","LCA","662","AMR",2019,6,0,0,1,0,0,0,1,0,0,0,0,0,0,0,0,0,0,0,1,0,0,0,0,0,1,0,,,,,,0,0,0,0
"Saint Vincent and the Grenadines","VC","VCT","670","AMR",2017,0,0,0,0,0,0,0,0,0,0,0,0,0,0,0,0,0,0,0,0,0,0,0,0,0,0,0,0,0,0,0,0,,,0,0
"Saint Vincent and the Grenadines","VC","VCT","670","AMR",2018,,,,6,0,0,0,0,0,0,0,0,0,0,0,0,0,0,0,6,0,0,0,0,0,6,0,0,0,0,0,0,,,0,0
"Saint Vincent and the Grenadines","VC","VCT","670","AMR",2019,4,,,4,0,0,0,0,0,0,0,0,0,0,0,0,0,0,0,4,0,0,0,0,0,4,0,,,,,,0,0,0,0
"Samoa","WS","WSM","882","WPR",2017,13,0,0,13,,0,,13,,1,,0,,0,,0,0,0,0,13,0,0,0,0,0,13,0,0,0,0,0,0,,,0,0
"Samoa","WS","WSM","882","WPR",2018,7,0,0,,,,,,,,,,,,,,,,,,,,,,,,,,,,,,,,,
"Samoa","WS","WSM","882","WPR",2019,14,0,0,14,0,0,0,14,0,0,0,0,0,0,0,0,0,0,0,14,0,0,0,0,0,14,0,,,,,,0,0,0,0
"San Marino","SM","SMR","674","EUR",2017,0,0,0,0,0,0,0,0,0,0,0,0,0,0,0,0,0,0,0,0,0,0,0,0,0,0,0,0,0,0,0,0,,,0,0
"San Marino","SM","SMR","674","EUR",2018,0,0,0,0,0,0,0,0,0,0,0,0,0,0,0,0,0,0,0,0,0,0,0,0,0,0,0,0,0,0,0,0,,,0,0
"San Marino","SM","SMR","674","EUR",2019,0,0,0,0,0,0,0,0,0,0,0,0,0,0,0,0,0,0,0,0,0,0,0,0,0,0,0,,,,,,0,0,0,0
"Sao Tome and Principe","ST","STP","678","AFR",2017,46,3,0,7,1,0,0,,,,,,,,,0,0,0,2,6,0,0,0,0,0,8,0,,,,,,,,,
"Sao Tome and Principe","ST","STP","678","AFR",2018,51,2,0,24,1,5,0,1,0,1,0,1,0,1,0,1,4,0,9,11,0,0,5,0,0,20,0,0,0,0,0,0,,,0,0
"Sao Tome and Principe","ST","STP","678","AFR",2019,41,1,0,0,0,0,0,0,0,0,0,0,0,0,0,0,0,0,0,0,0,0,0,0,0,0,0,,,,,,0,0,0,0
"Saudi Arabia","SA","SAU","682","EMR",2017,1707,139,16,1026,104,30,17,529,45,39,9,18,10,9,7,2,32,13,22,872,189,0,47,0,16,1067,0,0,0,0,0,0,,,0,0
"Saudi Arabia","SA","SAU","682","EMR",2018,2012,116,17,1561,116,23,2,479,45,32,13,23,2,10,2,2,15,8,21,1459,172,0,25,0,26,1178,448,0,0,0,0,0,,,0,0
"Saudi Arabia","SA","SAU","682","EMR",2019,1916,100,46,806,69,13,6,701,58,30,14,11,8,7,1,0,18,1,17,617,222,0,19,0,29,827,0,,,,,,0,0,0,0
"Senegal","SN","SEN","686","AFR",2017,9418,1001,0,4750,1001,24,62,13,40,9,33,9,39,9,33,1,0,85,0,0,5665,1,85,0,0,5665,0,49,45,3,1,0,,,40,0
"Senegal","SN","SEN","686","AFR",2018,9744,885,0,1443,596,13,84,1,8,1,7,1,8,1,7,4,93,0,0,0,1942,4,93,0,0,0,1942,9,9,0,0,0,,,8,0
"Senegal","SN","SEN","686","AFR",2019,9915,906,0,963,906,23,35,0,2,0,2,0,2,0,2,3,55,0,0,0,1811,1,57,0,0,0,1811,,,,,,2,2,2,0
"Serbia","RS","SRB","688","EUR",2017,464,47,2,327,30,1,4,327,30,5,4,1,4,1,4,0,5,0,0,352,0,0,5,0,2,350,0,,,,,,,,,
"Serbia","RS","SRB","688","EUR",2018,489,68,0,275,27,2,1,275,27,2,1,2,1,2,1,0,0,3,0,28,271,0,3,0,0,299,0,0,0,0,0,0,,,0,0
"Serbia","RS","SRB","688","EUR",2019,308,24,2,226,16,2,0,226,16,4,0,2,0,2,0,0,2,0,2,238,0,0,2,0,0,240,0,,,,,,,,,
"Seychelles","SC","SYC","690","AFR",2017,14,0,0,14,0,0,0,0,0,0,0,0,0,0,0,0,0,0,14,0,0,0,0,0,0,14,0,0,0,0,0,0,,,0,0
"Seychelles","SC","SYC","690","AFR",2018,15,0,0,15,0,0,0,0,0,0,0,0,0,0,0,0,0,0,1,14,0,0,0,0,0,15,0,0,0,0,0,0,,,0,0
"Seychelles","SC","SYC","690","AFR",2019,9,1,0,9,1,0,0,0,0,0,0,0,0,0,0,0,0,0,0,10,0,0,0,0,0,10,0,,,,,,0,0,0,0
"Sierra Leone","SL","SLE","694","AFR",2017,9324,557,,,,,,,,,,,,,,,,,,,,,,,,,,,,,,,,,,
"Sierra Leone","SL","SLE","694","AFR",2018,10124,158,1,,,,,,,,,,,,,,,,,,,,,,,,,120,120,0,0,0,,,120,0
"Sierra Leone","SL","SLE","694","AFR",2019,10379,205,1,,,,,,,,,,,,,,,,,,,,,,,,,,,,,,,,,
"Singapore","SG","SGP","702","WPR",2017,1152,86,0,1117,84,17,3,1116,84,48,4,17,3,12,2,0,18,2,21,995,165,0,20,0,1,1180,0,19,18,1,0,0,,,14,0
"Singapore","SG","SGP","702","WPR",2018,1143,88,0,1122,86,18,3,1104,74,59,4,18,3,11,1,0,19,2,23,1055,109,0,21,0,2,1185,0,17,13,3,1,0,,,11,0
"Singapore","SG","SGP","702","WPR",2019,1062,63,1,1032,52,14,1,1005,49,63,3,12,1,10,0,1,11,3,19,950,100,0,15,0,6,1063,0,,,,,,12,2,9,0
"Sint Maarten (Dutch part)","SX","SXM","534","AMR",2017,,,,,,,,,,,,,,,,,,,,,,,,,,,,,,,,,,,,
"Sint Maarten (Dutch part)","SX","SXM","534","AMR",2018,3,3,,0,0,0,0,0,0,0,0,0,0,0,0,,,,,,,,,,,,,0,0,0,0,0,,,0,0
"Sint Maarten (Dutch part)","SX","SXM","534","AMR",2019,,,,,,,,,,,,,,,,,,,,,,,,,,,,,,,,,,,,
"Slovakia","SK","SVK","703","EUR",2017,119,30,1,98,26,4,2,98,26,8,3,4,2,4,1,0,6,0,0,118,0,0,6,0,10,108,0,5,3,2,2,2,,,5,2
"Slovakia","SK","SVK","703","EUR",2018,144,17,4,116,15,1,2,116,15,0,2,1,2,0,2,0,3,0,1,127,0,0,3,0,6,122,0,2,1,1,0,0,,,2,0
"Slovakia","SK","SVK","703","EUR",2019,94,23,8,79,21,1,4,79,21,2,5,1,4,1,4,0,5,0,1,87,7,0,5,0,6,89,0,,,,,,5,0,5,0
"Slovenia","SI","SVN","705","EUR",2017,85,4,0,85,4,1,0,85,4,1,0,1,0,1,0,0,1,0,0,62,26,0,1,0,1,87,0,1,1,0,0,0,,,1,0
"Slovenia","SI","SVN","705","EUR",2018,70,8,2,70,8,0,0,70,8,0,0,0,0,0,0,0,0,0,0,67,11,0,0,0,0,78,0,,,,,,,,,
"Slovenia","SI","SVN","705","EUR",2019,79,4,0,78,4,0,0,78,4,1,0,0,0,0,0,0,0,0,1,61,20,0,0,0,1,81,0,,,,,,0,0,0,0
"Solomon Islands","SB","SLB","090","WPR",2017,121,5,0,0,0,0,0,0,0,0,0,0,0,0,0,0,0,0,0,0,0,0,0,0,0,0,0,0,0,0,0,0,,,0,0
"Solomon Islands","SB","SLB","090","WPR",2018,176,6,0,0,0,0,0,0,0,0,0,0,0,0,0,0,0,0,0,0,0,0,0,0,0,0,0,0,0,0,0,0,,,0,0
"Solomon Islands","SB","SLB","090","WPR",2019,151,6,0,0,0,0,0,0,0,0,0,0,0,0,0,0,0,0,0,0,0,0,0,0,0,0,0,,,,,,0,0,0,0
"Somalia","SO","SOM","706","EMR",2017,7448,385,0,6304,142,287,67,287,67,205,62,205,62,205,62,0,354,0,0,6092,0,,,,,,,142,135,3,4,0,,,142,0
"Somalia","SO","SOM","706","EMR",2018,7370,113,0,,,169,148,90,52,66,37,63,44,63,37,,,,,,,13,304,,,,,137,130,4,6,3,,,100,3
"Somalia","SO","SOM","706","EMR",2019,7851,40,1,4443,40,354,35,184,18,74,11,89,18,70,11,1,388,0,0,4094,0,2,387,0,0,4094,0,,,,,,202,3,81,2
"South Africa","ZA","ZAF","710","AFR",2017,113126,16455,2879,4103,1410,3735,1349,4014,1386,2376,852,3732,1348,2311,837,,,,,,,,,,,,,,,,,,,,,
"South Africa","ZA","ZAF","710","AFR",2018,126958,19247,2882,116617,18092,12908,,34805,,7545,,12240,,6056,,,,,,,,,,,,,,6750,5266,1102,973,591,,,4579,461
"South Africa","ZA","ZAF","710","AFR",2019,123645,14888,64,,,,,,,,,,,,,,,,,,,403,10058,2305,4207,151067,3802,,,,,,2868,538,1863,301
"South Sudan","SS","SSD","728","AFR",2017,3859,437,37,179,115,17,15,0,0,0,0,0,0,0,0,2,10,20,38,166,58,0,20,12,2,85,175,4,4,0,0,0,,,0,0
"South Sudan","SS","SSD","728","AFR",2018,6582,679,55,42,104,17,36,,,,,,,,,3,3,47,6,12,75,1,33,19,0,78,15,,,,,,,,,
"South Sudan","SS","SSD","728","AFR",2019,7030,391,0,12,54,12,54,0,0,0,0,0,0,0,0,,,,,,,1,65,0,,,,,,,,,,,,
"Spain","ES","ESP","724","EUR",2017,2294,132,441,702,44,19,5,691,44,39,5,19,5,15,4,,,,,,,0,23,1,17,678,27,20,14,5,2,1,,,18,1
"Spain","ES","ESP","724","EUR",2018,1761,92,1001,,,,,,,,,,,,,,,,,,,,,,,,,,,,,,,,,
"Spain","ES","ESP","724","EUR",2019,1469,61,980,602,23,10,0,591,21,39,2,9,0,8,0,,,,,,,0,10,0,26,589,0,,,,,,2,0,2,0
"Sri Lanka","LK","LKA","144","SEA",2017,4019,362,7,2156,362,16,14,1585,184,10,10,14,13,5,9,0,30,0,24,2464,0,0,30,0,13,2475,0,22,22,0,0,0,,,12,0
"Sri Lanka","LK","LKA","144","SEA",2018,4181,464,4,1234,421,18,14,806,311,13,13,8,4,4,4,,,,,,,,,,,,,,,,,,,,,
"Sri Lanka","LK","LKA","144","SEA",2019,4359,465,14,1087,356,20,1,1087,356,6,,20,,6,,,,,,,,,,,,,,,,,,,,,,
"Sudan","SD","SDN","729","EMR",2017,6759,1201,75,290,561,24,78,3,40,3,37,3,40,3,37,2,94,6,,,749,0,102,,,,749,,,,,,,,,
"Sudan","SD","SDN","729","EMR",2018,6765,884,46,1330,1042,36,136,,,,,,,,,,,,,,,0,172,0,82,2118,,,,,,,,,,
"Sudan","SD","SDN","729","EMR",2019,7964,880,0,4063,880,110,111,,,,,,,,,,,,,,,4,217,0,120,4327,275,,,,,,0,0,0,0
"Suriname","SR","SUR","740","AMR",2017,87,10,0,69,7,5,2,,,,,,,,,2,5,0,12,55,2,0,7,0,0,69,0,0,0,0,0,0,,,0,0
"Suriname","SR","SUR","740","AMR",2018,105,9,0,97,8,12,1,0,0,0,0,0,0,0,0,2,11,0,6,84,2,1,12,0,0,92,0,0,0,0,0,0,,,0,0
"Suriname","SR","SUR","740","AMR",2019,88,12,0,78,11,6,6,0,0,0,0,0,0,0,0,3,9,0,14,62,1,0,12,0,2,75,0,,,,,,0,0,0,0
"Sweden","SE","SWE","752","EUR",2017,259,23,13,252,21,8,2,252,21,28,2,8,2,8,1,,,,,,,0,10,0,10,253,0,10,8,0,2,0,,,9,0
"Sweden","SE","SWE","752","EUR",2018,282,13,3,279,11,6,2,278,11,41,3,5,2,5,2,,,,,,,0,8,0,15,267,0,7,6,0,1,0,,,7,0
"Sweden","SE","SWE","752","EUR",2019,243,3,35,234,0,5,0,234,0,21,0,5,0,4,0,,,,,,,0,5,0,7,222,0,,,,,,5,0,4,0
"Switzerland","CH","CHE","756","EUR",2017,294,16,54,267,9,7,2,267,9,14,2,7,2,6,2,,,,,,,0,9,0,11,256,0,,,,,,,,,
"Switzerland","CH","CHE","756","EUR",2018,282,25,35,261,15,3,1,261,15,10,3,3,1,3,1,,,,,,,0,4,0,10,262,0,4,3,1,1,1,,,4,1
"Switzerland","CH","CHE","756","EUR",2019,202,33,59,193,24,5,4,193,23,13,4,5,4,5,2,,,,,,,0,9,0,5,203,0,,,,,,9,0,7,0
"Syrian Arab Republic","SY","SYR","760","EMR",2017,,77,,201,39,9,6,171,38,21,12,10,7,9,6,,,,,,,0,15,,,225,,0,0,0,0,0,,,0,0
"Syrian Arab Republic","SY","SYR","760","EMR",2018,979,72,0,367,72,8,14,236,67,26,13,6,13,6,10,0,22,0,0,417,0,0,19,3,7,346,64,0,0,0,0,0,,,0,0
"Syrian Arab Republic","SY","SYR","760","EMR",2019,906,38,0,906,38,11,13,237,38,15,14,6,16,5,5,,,24,,,920,2,22,0,20,736,164,,,,,,0,0,0,0
"Tajikistan","TJ","TJK","762","EUR",2017,2432,652,0,2432,652,490,153,496,154,419,134,490,153,413,133,52,576,15,177,1937,327,24,619,0,322,2119,0,464,428,55,103,122,,,508,279
"Tajikistan","TJ","TJK","762","EUR",2018,2487,550,0,2487,550,696,208,407,144,340,133,332,123,296,120,44,860,0,143,1990,0,43,861,0,77,2056,0,583,359,197,83,56,,,312,52
"Tajikistan","TJ","TJK","762","EUR",2019,2318,510,0,2318,510,672,206,1796,206,473,118,315,72,262,46,33,841,4,142,1704,104,12,866,0,406,1544,0,,,,,,362,16,287,75
"Thailand","TH","THA","764","SEA",2017,34195,3242,174,18630,5840,867,472,11227,3525,,,,,377,232,,,1339,,,23131,,1325,14,,23131,0,272,251,18,10,7,,,272,7
"Thailand","TH","THA","764","SEA",2018,39347,3916,523,11983,2441,949,363,809,347,772,310,799,339,768,307,153,989,170,1175,10914,1023,2,1310,0,131,12967,14,665,596,59,40,30,,,630,29
"Thailand","TH","THA","764","SEA",2019,43268,4440,601,24250,3587,468,373,14899,2511,1726,492,344,330,275,245,130,555,156,21862,2275,2859,5,769,67,114,24318,2564,,,,,,641,25,481,24
"Timor-Leste","TL","TLS","626","SEA",2017,1861,114,0,304,0,4,0,,,,,4,0,4,,0,4,,25,275,,0,4,,0,300,,,,,,,,,,
"Timor-Leste","TL","TLS","626","SEA",2018,1655,134,0,,,12,,,,,,12,,12,,0,12,,,,,0,12,,0,,,,,,,,,,,
"Timor-Leste","TL","TLS","626","SEA",2019,1628,121,0,,,7,,,,,,7,,7,,0,7,,0,,,0,7,,0,0,,,,,,,0,0,0,0
"Togo","TG","TGO","768","AFR",2017,2013,218,0,214,87,14,13,29,87,17,19,16,17,13,13,7,20,0,40,234,0,0,27,0,21,253,0,0,0,0,0,0,,,0,0
"Togo","TG","TGO","768","AFR",2018,1893,214,0,650,214,15,9,15,9,15,9,15,9,15,9,6,18,0,84,756,0,2,22,0,35,805,0,14,14,0,0,0,,,0,0
"Togo","TG","TGO","768","AFR",2019,2035,205,0,1332,148,18,4,18,4,17,3,18,4,17,3,2,20,0,62,1396,0,0,22,0,29,1429,0,,,,,,22,2,20,2
"Tokelau","TK","TKL","772","WPR",2017,0,2,0,,,,,,,,,,,,,,,,,,,,,,,,,,,,,,,,,
"Tokelau","TK","TKL","772","WPR",2018,,,,,,,,,,,,,,,,,,,,,,,,,,,,,,,,,,,,
"Tokelau","TK","TKL","772","WPR",2019,,,,,,,,,,,,,,,,,,,,,,,,,,,,,,,,,,,,
"Tonga","TO","TON","776","WPR",2017,7,0,0,7,0,0,0,0,0,0,0,0,0,0,0,0,0,0,0,7,0,0,0,0,0,7,0,0,0,0,0,0,,,0,0
"Tonga","TO","TON","776","WPR",2018,7,0,0,7,0,0,0,0,0,0,0,0,0,0,0,0,0,0,0,7,0,0,0,0,0,7,0,0,0,0,0,0,,,0,0
"Tonga","TO","TON","776","WPR",2019,4,0,0,4,0,0,0,0,0,0,0,0,0,0,0,0,0,0,0,4,0,0,0,0,0,4,0,,,,,,0,0,0,0
"Trinidad and Tobago","TT","TTO","780","AMR",2017,116,17,0,67,12,0,2,0,1,0,1,0,1,0,1,0,2,0,6,71,0,0,2,0,0,77,0,0,0,0,0,0,,,0,0
"Trinidad and Tobago","TT","TTO","780","AMR",2018,156,23,0,151,21,0,1,0,0,,,,,,,0,1,0,21,134,16,0,1,0,2,169,0,0,,,,,,,,
"Trinidad and Tobago","TT","TTO","780","AMR",2019,136,31,3,90,19,1,2,0,1,0,1,0,1,0,1,0,2,1,13,81,12,1,2,0,0,106,0,,,,,,,,,
"Tunisia","TN","TUN","788","EMR",2017,909,70,0,909,70,10,9,909,70,10,9,10,9,10,9,0,19,0,0,960,0,0,19,0,0,960,0,19,19,0,0,0,,,19,1
"Tunisia","TN","TUN","788","EMR",2018,1015,36,0,1051,30,11,8,1051,,11,8,11,8,11,8,0,19,0,0,1062,0,,,,,,,19,19,0,0,0,,,19,1
"Tunisia","TN","TUN","788","EMR",2019,1018,39,0,,,,,,,,,,,,,,,,,,,,,,,,,,,,,,,,,
"Turkey","TR","TUR","792","EUR",2017,5681,657,0,4914,546,162,77,4895,543,560,129,161,76,121,61,2,166,71,27,3670,1524,5,234,0,61,5160,0,121,105,9,9,2,,,100,2
"Turkey","TR","TUR","792","EUR",2018,5465,530,0,4719,445,163,53,4711,441,550,104,163,52,123,44,4,146,66,39,3541,1368,2,214,0,58,4890,0,142,113,16,21,8,,,120,8
"Turkey","TR","TUR","792","EUR",2019,5451,464,0,4797,381,113,37,4717,370,487,70,107,35,88,33,1,119,30,43,3967,1018,2,148,0,71,4957,0,,,,,,90,22,76,8
"Turkmenistan","TM","TKM","795","EUR",2017,605,316,,,,,,,,,,,,,,,,,,,,,,,,,,,,,,,,,,
"Turkmenistan","TM","TKM","795","EUR",2018,606,248,,,,,,,,,,,,,,,,,,,,,,,,,,,,,,,,,,
"Turkmenistan","TM","TKM","795","EUR",2019,575,315,0,,,,,,,,,,,,,,,,,,,5,644,,,,,,,,,,,,,
"Turks and Caicos Islands","TC","TCA","796","AMR",2017,,,,,,,,,,,,,,,,,,,,,,,,,,,,,,,,,,,,
"Turks and Caicos Islands","TC","TCA","796","AMR",2018,1,0,0,0,0,0,0,0,0,0,0,0,0,0,0,0,0,0,0,0,0,,,,,,,,,,,,,,,
"Turks and Caicos Islands","TC","TCA","796","AMR",2019,4,0,0,0,0,0,0,0,0,0,0,0,0,0,0,0,0,,0,0,,0,0,,0,0,,,,,,,0,0,0,0
"Tuvalu","TV","TUV","798","WPR",2017,10,0,1,15,0,0,0,0,0,0,0,0,0,0,0,0,0,0,0,4,11,0,0,0,2,13,0,0,0,0,0,0,,,0,0
"Tuvalu","TV","TUV","798","WPR",2018,14,5,0,13,4,0,1,0,1,0,0,0,0,0,0,0,1,0,0,16,0,0,1,0,1,15,0,0,0,0,0,0,,,0,0
"Tuvalu","TV","TUV","798","WPR",2019,14,3,0,14,2,0,0,0,0,0,0,0,0,0,0,0,0,0,0,16,0,0,0,0,0,16,0,,,,,,0,0,0,0
"Uganda","UG","UGA","800","AFR",2017,25494,2599,26,15644,1271,626,76,35,74,30,65,35,74,30,65,355,347,0,6521,9692,0,172,530,0,451,15762,0,104,95,5,9,5,,,75,3
"Uganda","UG","UGA","800","AFR",2018,26963,3283,145,23566,1898,243,273,62,73,41,55,41,61,41,45,204,223,89,,,24948,20,473,23,,,24948,159,155,2,3,1,,,86,3
"Uganda","UG","UGA","800","AFR",2019,30102,3820,51,29900,2132,313,236,95,72,63,48,70,52,60,45,222,251,76,0,0,31483,26,458,65,0,0,31483,,,,,,529,15,105,1
"Ukraine","UA","UKR","804","EUR",2017,12840,7212,0,12122,6502,3388,3113,12122,6502,3936,2989,3388,3113,2594,2414,,,,,,,,,,,,,6501,3265,1965,2351,1080,,,5008,1001
"Ukraine","UA","UKR","804","EUR",2018,12931,6774,0,12349,6219,3587,2888,12349,6219,4276,2884,3587,2888,2755,2299,,,,,,,,,,,,,6475,2361,2498,2644,1028,,,5054,972
"Ukraine","UA","UKR","804","EUR",2019,13039,6090,0,12632,5827,3438,2498,12632,5827,3886,2350,3438,2498,2588,1902,,,,,,,,,,,,,,,,,,5936,890,4490,853
"United Arab Emirates","AE","ARE","784","EMR",2017,46,4,0,35,4,0,1,20,3,1,0,0,1,0,0,1,0,0,5,28,5,0,1,0,0,38,0,0,0,0,0,0,,,0,0
"United Arab Emirates","AE","ARE","784","EMR",2018,50,1,0,35,1,0,1,35,1,0,1,0,1,0,1,1,0,0,1,34,0,0,1,0,1,34,0,0,0,0,0,0,,,0,0
"United Arab Emirates","AE","ARE","784","EMR",2019,37,3,0,26,2,1,0,21,1,4,0,1,0,1,0,0,1,0,0,22,5,0,1,0,0,27,0,,,,,,0,0,0,0
"United Kingdom of Great Britain and Northern Ireland","GB","GBR","826","EUR",2017,2133,136,112,2011,128,28,6,2006,128,141,10,28,6,24,4,2,30,2,63,1718,324,0,34,0,37,2068,0,31,21,10,3,3,,,27,3
"United Kingdom of Great Britain and Northern Ireland","GB","GBR","826","EUR",2018,2047,163,103,1925,151,24,8,1919,150,142,19,24,8,17,7,1,29,2,53,1714,277,1,31,0,42,2002,0,25,19,6,3,3,,,19,3
"United Kingdom of Great Britain and Northern Ireland","GB","GBR","826","EUR",2019,1999,143,139,1906,123,27,4,1904,122,149,8,27,4,22,3,,,,,,,0,31,0,47,1951,0,,,,,,29,5,23,1
"United Republic of Tanzania","TZ","TZA","834","AFR",2017,26364,2625,,9503,1047,134,66,289,231,17,25,20,31,15,24,,,,,,,,,,,,,,43,1,0,0,,,39,0
"United Republic of Tanzania","TZ","TZA","834","AFR",2018,27201,1373,0,19175,1115,301,148,69,46,69,46,65,44,65,44,,,,,,,,,,,,,,,,,,,,,
"United Republic of Tanzania","TZ","TZA","834","AFR",2019,27632,1187,0,21772,1090,401,133,,,,,,,,,,,,,,,,,,,,,,,,,,448,3,28,0
"United States of America","US","USA","840","AMR",2017,5803,288,45,5189,238,104,24,5180,238,473,48,104,24,90,21,9,107,12,262,4496,541,0,128,0,97,5200,2,95,78,13,5,1,,,85,1
"United States of America","US","USA","840","AMR",2018,5732,298,84,5136,242,78,18,5085,241,477,47,78,18,68,16,5,82,9,244,4459,579,2,94,0,91,5190,1,76,63,10,4,1,,,69,1
"United States of America","US","USA","840","AMR",2019,5676,281,141,5329,242,79,16,5253,241,500,37,79,16,66,15,3,86,6,236,4737,503,0,95,0,95,5381,0,,,,,,75,14,75,4
"Uruguay","UY","URY","858","AMR",2017,564,49,0,474,41,2,2,422,41,5,1,2,2,1,0,4,,,511,,,0,4,0,0,511,0,4,4,0,1,1,,,1,0
"Uruguay","UY","URY","858","AMR",2018,581,96,0,512,81,2,0,512,81,3,1,2,0,1,0,2,0,0,40,551,0,0,2,0,0,591,0,2,2,0,0,0,,,1,0
"Uruguay","UY","URY","858","AMR",2019,680,119,0,538,85,4,0,351,77,2,4,4,0,1,0,0,4,0,57,534,28,0,4,0,5,614,0,,,,,,4,0,1,0
"Uzbekistan","UZ","UZB","860","EUR",2017,4592,3600,0,4439,2087,657,1200,3528,1517,1764,787,401,478,351,189,,,,,,,21,1836,,178,4491,,540,477,51,12,,,,540,0
"Uzbekistan","UZ","UZB","860","EUR",2018,4828,2013,,4828,2013,735,687,4828,2013,815,542,735,687,392,424,,,,,,,34,1388,,59,5360,,1422,1404,11,7,0,,,816,0
"Uzbekistan","UZ","UZB","860","EUR",2019,5249,2145,0,5249,2145,615,467,5249,2145,1665,472,615,467,560,418,,,,,,,,,,,,,,,,,,466,209,515,179
"Vanuatu","VU","VUT","548","WPR",2017,47,0,0,46,0,1,0,0,0,0,0,0,0,0,0,0,1,0,0,45,0,1,0,0,0,45,0,1,1,0,0,0,,,0,0
"Vanuatu","VU","VUT","548","WPR",2018,41,0,0,41,0,2,0,41,0,0,0,2,0,0,0,0,2,0,0,39,0,0,2,0,0,39,0,2,2,0,0,0,,,0,0
"Vanuatu","VU","VUT","548","WPR",2019,52,0,0,52,0,2,0,0,0,0,0,0,0,0,0,2,0,0,50,0,0,0,2,0,4,46,0,,,,,,0,0,0,0
"Venezuela (Bolivarian Republic of)","VE","VEN","862","AMR",2017,6815,679,0,476,367,25,54,140,140,8,24,21,44,8,23,5,70,4,51,710,3,0,79,0,13,751,0,67,47,10,12,2,,,31,2
"Venezuela (Bolivarian Republic of)","VE","VEN","862","AMR",2018,6974,551,0,390,240,10,21,163,99,9,13,13,30,3,9,1,30,0,48,551,0,1,30,0,12,587,0,31,25,3,3,0,,,12,0
"Venezuela (Bolivarian Republic of)","VE","VEN","862","AMR",2019,6534,760,0,283,281,16,18,149,139,5,10,11,16,5,6,3,31,0,182,244,104,0,34,0,1,529,0,,,,,,27,6,11,1
"Viet Nam","VN","VNM","704","WPR",2017,50673,8148,53,30599,7520,1278,1308,0,460,0,354,0,361,0,333,141,0,2445,2040,0,33493,13,0,2573,189,0,35344,1166,913,215,88,50,,,322,13
"Viet Nam","VN","VNM","704","WPR",2018,49664,7193,56,40773,7193,1472,1253,0,523,0,360,0,348,0,305,173,0,2552,2040,0,43201,8,0,2717,227,0,45014,1922,1519,316,148,61,,,265,13
"Viet Nam","VN","VNM","704","WPR",2019,52703,6514,63,39603,8238,1321,1358,0,1252,0,572,0,361,0,333,111,0,2568,1367,0,43795,8,0,2671,214,0,44948,,,,,,2096,369,252,13
"Wallis and Futuna Islands","WF","WLF","876","WPR",2017,,,,,,,,,,,,,,,,,,,,,,,,,,,,,,,,,,,,
"Wallis and Futuna Islands","WF","WLF","876","WPR",2018,,,,,,,,,,,,,,,,,,,,,,,,,,,,,,,,,,,,
"Wallis and Futuna Islands","WF","WLF","876","WPR",2019,1,0,0,1,0,0,0,1,0,0,0,0,0,0,0,0,0,0,0,0,1,0,0,0,0,1,0,,,,,,0,0,0,0
"Yemen","YE","YEM","887","EMR",2017,3235,252,,488,119,16,31,0,0,0,0,0,0,0,0,0,0,47,0,0,560,3,23,21,,,560,,,,,,,,,
"Yemen","YE","YEM","887","EMR",2018,2849,275,0,222,44,2,4,222,44,2,7,4,11,2,6,0,0,6,0,0,260,,,6,,,260,0,0,0,0,0,,,0,0
"Yemen","YE","YEM","887","EMR",2019,2668,219,,,,,0,,,,,,,,,,,,,,,0,,0,,,,,,,,,,,,
"Zambia","ZM","ZMB","894","AFR",2017,14022,2421,,397,295,386,110,58,295,19,167,50,206,11,112,276,55,165,65,21,110,10,321,165,20,66,110,0,0,0,0,0,,,0,0
"Zambia","ZM","ZMB","894","AFR",2018,15373,1745,0,15106,949,423,204,369,178,106,120,41,167,9,111,422,85,120,0,0,15428,8,619,0,390,15038,0,150,141,4,6,1,,,120,1
"Zambia","ZM","ZMB","894","AFR",2019,15949,1847,0,15400,751,372,143,380,95,114,28,99,24,86,13,269,210,36,7236,8200,200,20,467,28,383,15079,174,,,,,,156,5,54,0
"Zimbabwe","ZW","ZWE","716","AFR",2017,12355,1036,54,,,,,,,,,,,,,,,,,,,,,,,,,,,,,,,,,
"Zimbabwe","ZW","ZWE","716","AFR",2018,11398,728,102,10392,706,406,,534,,173,,241,,117,,274,115,17,,,10692,5,401,0,578,10114,0,406,383,13,16,6,,,117,6
"Zimbabwe","ZW","ZWE","716","AFR",2019,9901,670,160,9240,428,282,49,429,428,50,45,53,55,32,42,,,331,,,9337,5,326,0,,,9337,,,,,,141,20,74,8
